journal,issn,domaine_2011,rang_2011,domaine_2013,rang_2013,domaine_2016,rang_2016,domaine_2019,rang_2019,domaine_2022,rang_2022
abacus,0001-3072,cpt,3,acc,2,,,acc,2,acc,2
"abacus a journal of accounting 
finance and business studies",0001-3072,,,,,acc,2,,,,
"academy of management 
perspectives",1558-9080,,,gen/man,2,gen/man,1,gen/man,2,,
academy of management annals,1941-6520,,,gen/man,3,gen/man,1,gen/man,1,gen/man,1
academy of management discoveries,2168-1007,,,,,,,,,gen/man,4
academy of management journal,0001-4273,mgtgen,1,gen/man,1,gen/man,1,gen/man,1,gen/man,1*
"academy of management learning 
and education",1537-260X,,,,,gen/man,2,gen/man,2,,
academy of management learning and education,1537-260X,,,,,,,,,gen/man,1
academy of management perspectives,1558-9080,,,,,,,,,gen/man,2
academy of management review,0363-7425,mgtgen,1*,gen/man,1*,gen/man,1*,gen/man,1*,gen/man,1*
accounting and business research,0001-4788,cpt,3,acc,3,acc,3,acc,3,acc,3
accounting and finance,0810-5391,cpt,4,acc,3,acc,3,acc,3,acc,3
"accounting auditing  accountability 
journal",0951-3574,,,,,acc,3,acc,2,,
"accounting auditing and 
accountability journal",0951-3574,,,acc,3,,,,,,
accounting auditing and accountability journal,0951-3574,cpt,3,,,,,,,acc,2
accounting forum,0155-9982,,,,,,,,,acc,4
accounting historians journal,0148-4184,cpt/hpm,3,acc/bus/hist,3,acc/bus/hist,4,acc/bus/hist,4,bus/hist,4
accounting history,1032-3732,cpt/hpm,4,acc/bus/hist,4,acc/bus/hist,3,acc/bus/hist,3,bus/hist,3
accounting history review,2155-2851,,,,,,,bus/hist/acc,3,,
"accounting history review 
ex  accounting business and 
financial history",2155-2851,,,bus/hist/acc,3,,,,,,
"accounting history review 
ex accounting business and 
financial history",2155-2851,,,,,acc/bus/hist,3,,,,
"accounting history review ex  accounting 
business and financial history",2155-2851,hpm/cpt,3,,,,,,,,
accounting history review formerly accounting business and financial history,2155-2851,,,,,,,,,bus/hist,3
accounting horizons,0888-7993,cpt,3,acc,2,acc,2,acc,2,acc,2
accounting in europe,1744-9480,,,acc,4,acc,4,acc,4,acc,3
"accounting organization 
and society",0361-3682,,,acc,1,,,,,,
accounting organization and society,0361-3682,cpt,1,,,acc,1,acc,1,acc,1*
accounting review,0001-4826,cpt,1*,acc,1*,,,,,,
accounting review the,0001-4826,,,,,,,,,acc,1*
accra audit comptabilite contrôle  recherches appliquées,en cours,,,,,,,,,acc,4
"acm transactions on computer
human interaction",1073-0516,,,,,mis,3,mis,3,,
acm transactions on computerhuman interaction,1073-0516,,,,,,,,,mis,3
"acm transactions on human 
computer interaction",1073-0516,,,mis,4,,,,,,
"acm transactions on human computer 
interaction",1073-0516,si,4,,,,,,,,
action research,1476-7503,,,,,gen/man,4,,,soc,4
administration and society,0095-3997,publique,2,pub/sec,2,pub/sec,3,pub/sec,3,pub/sec,3
administrative science quarterly,0001-8392,tho,1*,org/stud,1*,org/stud,1*,org/stud,1*,org/stud,1*
advances in accounting,0882-6110,,,,,,,acc,3,,
advances in accounting incorporating advances in international accounting,0882-6110,,,,,,,,,acc,3
advances in international accounting,0897-3660,cpt,3,acc,3,acc,3,,,,
advances in strategic management,0742-3322,strat,2,strat,3,strat,3,strat,3,strat,3
africa journal of management,2332-2373,,,,,,,,,gen/man,4
american economic journal applied economics,1945-7782,,,,,,,,,econ,1
american economic journal economic policy,1945-7731,,,,,,,,,econ,1
american economic journal macroeconomics,1945-7707,,,,,,,,,econ,1
american economic journal microeconomics,1945-7669,,,,,,,,,econ,2
american economic review,0002-8282,,,,,,,,,econ,1*
american journal of managed care,1088-0224,,,hlth,2,hlth,3,hlth,4,hlth,4
american journal of medical quality,1062-8606,sant,3,hlth,3,hlth,3,hlth,4,hlth,4
american journal of sociology,0002-9602,,,,,,,,,soc,1
"american review of public
administration",0275-0740,,,pub/sec,4,,,,,,
"american review of public 
administration",0275-0740,,,,,pub/sec,4,pub/sec,3,,
american review of public administration,0275-0740,,,,,,,,,pub/sec,3
american sociological review,0003-1224,,,,,,,,,soc,1
annals of finance,1614-2446,fin,4,fin,4,fin,4,fin,4,fin,4
annals of operations research,0254-5330,,,,,,,log,2,log,2
"annals of public and cooperative 
economics",1467-8292,,,pub/sec,4,pub/sec,4,pub/sec,4,,
annals of public and cooperative economics,1370-4788,,,,,,,,,pub/sec,4
annals of regional science,0570-1864,,,,,,,,,reg/env,4
annals of tourism research,0160-7383,,,,,gen/man,2,tour,2,sector,2
"annual review of organizational 
psychology and organizational behavior",2327-0608,,,,,,,org/stud,4,,
annual review of organizational psychology and organizational behavior,2327-0608,,,,,,,,,org/stud,4
annual review of sociology,0360-0572,,,,,,,,,soc,2
applied economics,0003-6846,,,,,,,,,econ,3
applied financial economics,0960-3107,fin,4,fin,4,fin,4,fin,4,fin,4
applied health economics and policy,1175-5652,sant,4,,,,,,,,
applied mathematical finance,1350-486X,,,fin,4,fin,4,fin,4,fin,4
"applied psychology an international 
review",0269-994X,,,,,,,app/psy/soc,3,,
applied psychology an international review,0269-994X,,,,,,,,,psy,2
asia pacific business review,1360-2381,strat,3,strat,3,strat,3,strat,4,strat,4
"asia pacific journal of 
human resources",1038-4111,,,hrm,4,,,,,,
"asia pacific journal of human 
resources",1038-4111,,,,,,,hrm,4,,
asia pacific journal of human resources,1038-4111,grh,4,,,hrm,4,,,hrm,4
asia pacific journal of management,0217-4561,mgtgen,4,gen/man,3,gen/man,3,gen/man,3,gen/man,3
asian business and management,1472-4782,,,,,,,,,gen/man,4
asiapacific journal of accounting and economics,1608-1625,,,,,,,,,acc,4
astin bulletin,0515-0361,,,,,,,fin,3,fin,3
"astin bulletin journal of the 
international actuarial association",0515-0361,,,fin,3,fin,3,,,,
"astin bulletin journal of the international 
actuarial association",0515-0361,fin,3,,,,,,,,
"auditing a journal of practice 
and theory",0278-0380,,,acc,2,,,,,,
"auditing a journal of practice and 
theory",0278-0380,,,,,acc,2,acc,2,,
auditing a journal of practice and theory,0278-0380,cpt,2,,,,,,,acc,2
australian accounting review,1035-6908,,,,,,,,,acc,4
australian journal of management,0312-8962,,,,,,,,,gen/man,4
baltic journal of management,1746-5265,,,,,,,,,gen/man,4
"bankers markets  invetors ex banque et 
marchés",1167-4946,fin,3,,,,,,,,
bankers markets and investors,1167-4946,,,fin,3,fin,3,fin,3,,
bankers markets and investors,2101-9304,,,,,,,,,fin,4
behavioral research in accounting,1050-4753,cpt,3,acc,3,acc,3,acc,3,acc,3
bmc health services research,1472-6963,sant,3,hlth,3,hlth,3,hlth,3,hlth,4
bmj quality and safety,2044-5415,,,,,hlth,2,,,,
"bmj quality and safety 
original research",2044-5415,,,,,,,hlth,2,,
bmj quality and safety original research,2044-5415,,,,,,,,,hlth,2
british accounting review,0890-8389,cpt,3,acc,3,acc,3,acc,3,acc,3
british food journal,0007-070X,,,,,,,,,sector,4
british journal of industrial relations,0007-1080,grh,2,hrm,2,hrm,2,hrm,2,hrm,2
british journal of management,1045-3172,mgtgen,2,gen/man,2,gen/man,2,gen/man,2,gen/man,1
british journal of sociology,0007-1315,,,,,,,,,soc,3
"british medical journal quality and 
safety",1475-3898,,,hlth,3,,,,,,
brookings papers on economic activity,0007-2303,,,,,,,,,econ,2
building research and information,0961-3218,,,,,,,,,sector,4
bulletin français dactuariat,1779-7160,fin,4,fin,4,fin,4,fin,4,,
"bulletin of the world 
health organization",0042-9686,,,hlth,3,,,,,,
"bulletin of the world health 
organization",0042-9686,,,,,hlth,3,hlth,3,,
bulletin of the world health organization,0042-9686,sant,3,,,,,,,hlth,4
"business and information systems 
engineering",1867-0202,,,,,,,mis,3,,
"business and information systems 
engineering wirtschaftsinformatik",1867-0202,,,mis,4,mis,4,,,,
"business and information systems engineering 
wirtschaftsinformatik",1867-0202,si,4,,,,,,,,
business and information systems engineering bise formerly wirtschaftsinformatik wi,1867-0202,,,,,,,,,mis,4
business and politics,1469-3569,,,,,,,,,gen/man,4
business and professional ethics journal,0277-2027,,,,,,,,,gen/man,4
business and society,0007-6503,strat,4,strat,4,strat,3,strat,2,strat,2
business ethics a european review,0962-8770,,,hrm,4,hrm,4,hrm,3,hrm,3
business ethics a european review,1467-8594,grh,4,,,,,,,,
business ethics quarterly,1052-150X,grh,4,hrm,2,hrm,2,hrm,2,,
business ethics quarterly business ethics the environment and responsibility,1052-150X,,,,,,,,,hrm,2
business history,0007-6791,hpm,2,bus/hist,2,bus/hist,2,bus/hist,2,bus/hist,2
business history review,0007-6805,hpm,3,bus/hist,3,bus/hist,3,bus/hist,3,bus/hist,3
business horizons,0007-6813,,,,,,,gen/man,3,gen/man,3
"business process management 
journal",1463-7154,,,mis,3,,,mis,3,,
business process management journal,1463-7154,si,3,,,mis,3,,,mis,4
"business strategy and 
the environment",0964-4733,,,strat,3,,,,,,
"business strategy and the 
environment",0964-4733,,,,,,,strat,3,,
business strategy and the environment,0964-4733,strat,4,,,strat,3,,,strat,3
cahiers scientifiques du transport,1150-8809,,,log,4,log,4,log,4,,
california management review,0008-1256,,,,,gen/man,2,gen/man,2,gen/man,2
cambridge journal of economics,0309-166X,,,,,,,,,econ,3
"canadian journal of administrative 
sciences  revue canadienne des 
sciences administratives",0825-0383,,,gen/man,3,,,,,,
"canadian journal of administrative 
sciences  revue canadienne des 
sciences de ladministration",0825-0383,,,,,gen/man,3,gen/man,3,,
"canadian journal of administrative sciences  
revue canadienne des sciences administratives",0825-0383,mgtgen,3,,,,,,,,
canadian journal of administrative sciences  revue canadienne des sciences de ladministration,0825-0383,,,,,,,,,gen/man,3
career development international,1362-0436,,,hrm,4,hrm,4,hrm,4,hrm,4
career development quarterly,0889-4019,,,,,,,,,hrm,4
communication et management,1779-3572,,,,,,,gen/man,4,gen/man,4
communication et organisation,1168-5549,,,,,,,,,gen/man,EM
communication of the ais,1529-3181,si,4,mis,4,,,,,,
"communications  strategies   
digiworld economic journal",1157-8637,,,strat,4,,,,,,
communications et stratégies,1157-8637,strat,4,,,,,,,,
"communications of the association 
for information systems",1529-3181,,,,,mis,4,mis,4,,
communications of the association for information systems,1529-3181,,,,,,,,,mis,4
competition and change,1024-5294,mgtgen,3,gen/man,3,gen/man,3,gen/man,3,gen/man,3
comptabilite  contrôle  audit,1262-2788,,,,,,,,,acc,2
comptabilité contrôle audit,1262-2788,cpt,2,acc,2,acc,2,acc,2,,
computers  industrial engineering,0360-8352,,,,,log,3,mis,3,mis,3
"computers and industrial 
engineering",0360-8352,,,log,3,,,,,,
computers industrial engineering,0360-8352,log,3,,,,,,,,
consumption markets  culture,1025-3866,mkg,4,mkg,4,mkg,4,mkg,3,,
consumption markets and culture,1025-3866,,,,,,,,,mkg,3
contemporary accounting research,0823-9150,,,acc,1,acc,1,acc,1,acc,1
contemporary accounting research,8239150,cpt,1,,,,,,,,
cornell hospitality quarterly,1938-9663,,,,,,,,,sector,4
"corporate governance 
an international review",0964-8410,,,,,gen/man/fin,3,gen/man/fin,3,,
"corporate governance  
an international review",0964-8410,,,gen/man/fin,3,,,,,,
corporate governance  an international review,0964-8410,mgtgen/fin,3,,,,,,,,
corporate governance an international review,0964-8410,,,,,,,,,gen/man,3
"corporate social responsibility 
and environmental management",1535-3966,,,,,,,gen/man,3,,
"corporate social responsibility and 
environmental management",1535-3966,,,,,gen/man,3,,,,
corporate social responsibility and environmental management,1535-3958,,,,,,,,,gen/man,3
"creativity and innovation 
management",0963-1690,,,innov,4,,,innov,3,,
creativity and innovation management,0963-1690,innov,4,,,innov,3,,,innov,3
creativity research journal,1040-0419,,,,,,,app/psy/soc,4,psy,4
"critical perspectives on 
international business",1742-2043,,,,,,,strat,4,,
critical perspectives on accounting,1045-2354,cpt,3,acc,3,acc,3,acc,2,acc,2
"critical perspectives on international 
business",1742-2043,,,strat,4,strat,4,,,,
critical perspectives on international business,1742-2043,strat,4,,,,,,,strat,4
"cross cultural  strategic 
management",2059-5794,,,,,,,strat,4,,
"cross cultural management 
an international journal",1352-7606,,,strat,4,strat,4,,,,
"cross cultural management an international 
journal",1352-7606,strat,4,,,,,,,,
crosscultural management an international journal formely cross cultural  strategic management,2059-5794,,,,,,,,,strat,4
culture and organization,1475-9551,tho,4,org/stud,4,org/stud,4,org/stud,4,org/stud,4
current issues in tourism,1368-3500,,,,,,,tour,3,sector,3
current sociology,0268-5809,,,,,,,,,soc,4
"data base for advances 
in information systems",1532-0936,,,,,,,mis,4,,
"data base for advances in 
information systems",1532-0936,,,,,mis,3,,,,
"database for advances
in information systems",1532-0936,,,mis,3,,,,,,
database for advances in information systems,1532-0936,si,3,,,,,,,mis,4
decision sciences,0011-7315,,,,,,,mis/log,2,mis,2
decision support systems,0167-9236,si,2,mis,2,mis,1,mis,1,mis,2
decisions marketing,0779-7389,,,,,,,,,mkg,3
development and change,0012-155X,,,,,,,,,soc,3
décisions marketing,0779-7389,mkg,3,mkg,3,mkg,3,mkg,3,,
ecological economics,1989-2021,,,,,,,,,econ,2
econometric reviews,0747-4938,,,,,,,,,econ,3
econometric theory,0266-4666,,,,,,,,,econ,1
econometrica,0012-9682,,,,,,,,,econ,1*
econometrics journal,1368-4221,,,,,,,,,econ,3
economic and industrial democracy,0143-831X,,,,,,,hrm,3,hrm,3
economic geography,0013-0095,,,,,,,,,reg/env,1
economic inquiry,0095-2583,,,,,,,,,econ,3
economic journal,0013-0133,,,,,,,,,econ,1
economic modelling,0264-9993,,,,,,,,,econ,3
economica,0013-0427,,,,,,,,,econ,3
economics letters,0165-1765,,,,,,,,,econ,3
"economics of innovation 
and new technology",1043-8599,,,,,,,innov,4,,
"economics of innovation and new 
technology",1043-8599,,,innov,2,innov,3,,,,
economics of innovation and new technology,1043-8599,innov,2,,,,,,,innov,4
"economie et société série economie de 
lentreprise",1760-8864,tho,4,,,,,,,,
"economies et sociétés  série ag 
systèmes agroalimentaires",0013-0567,,,strat,4,strat,4,,,,
"economies et sociétés  série kc 
etudes critiques en management",0013-0567,,,,,gen/man,4,,,,
"economies et sociétés  série kc 
série etudes critiques en management",0013-0567,,,gen/man,4,,,,,,
economy and society,0308-5147,,,,,,,,,soc,3
electronic commerce research,1389-5753,,,,,,,,,mkg,4
"electronic commerce research 
and applications",1567-4223,,,,,,,gen/man,3,,
"electronic commerce research and 
applications",1567-4223,,,gen/man,4,gen/man,3,,,,
electronic commerce research and applications,1567-4223,mgtgen,4,,,,,,,gen/man,4
"electronic journal of information 
systems evaluation",1566-6379,,,mis,4,mis,4,,,,
"electronic journal of information systems 
evaluation",1566-6379,si,4,,,,,,,,
electronic markets,1019-6781,si,3,mis,3,mis,3,mis,3,mis,3
emerging markets finance and trade,1540-496X,,,,,,,,,fin,4
emerging markets review,1566-0141,,,,,,,fin,3,fin,3
employee relations,0142-5455,grh,4,hrm,4,hrm,3,hrm,3,hrm,3
energy economics,0140-9883,,,,,,,,,econ,2
energy journal,0195-6574,,,,,,,,,sector,2
energy policy,0301-4215,,,,,,,,,sector,2
engineering construction and architectural management,0969-9988,,,,,,,,,sector,4
enterprise  society,1467-2227,,,,,,,bus/hist,3,bus/hist,3
enterprise and society,1467-2227,hpm,3,bus/hist,3,bus/hist,3,,,,
entreprendre  innover,2034-7634,,,,,,,innov,4,innov,4
entreprendre et innover,2034-7634,,,,,innov,4,,,,
"entrepreneurship 
and regional development",0898-5626,,,,,,,innov,2,,
"entrepreneurship 
theory and practice",1042-2587,,,innov,1,,,innov,1,,
"entrepreneurship and regional 
development",0898-5626,,,innov,3,innov,3,,,,
entrepreneurship and regional development,0898-5626,innov,3,,,,,,,innov,2
entrepreneurship research journal,2157-5665,,,,,,,innov,4,innov,4
entrepreneurship theory and practice,1042-2587,innov,1,,,innov,1,,,innov,1
entreprise  societe,2553-7830,,,,,,,,,gen/man,4
entreprise et histoire,1161-2770,hpm,4,bus/hist,4,bus/hist,4,,,,
entreprises et histoire,1161-2770,,,,,,,bus/hist,4,bus/hist,3
environment and planning a,0308-518X,,,,,,,,,reg/env,2
environment and planning d,1472-3433,,,,,,,,,soc,4
environmental and resource economics,0924-6460,,,,,,,,,econ,2
environmental management,0364-152X,,,,,,,,,sector,4
equality diversity and inclusion an international journal,0261-0159,,,,,,,,,hrm,4
eurasian business review,1309-4297,,,,,,,,,gen/man,4
european accounting review,0963-8180,cpt,2,acc,2,acc,2,acc,2,acc,2
european business review,0955-534X,mgtgen,3,gen/man,3,gen/man,3,gen/man,3,gen/man,3
european economic review,0014-2921,,,,,,,,,econ,2
european financial management,1354-7798,fin,3,fin,3,fin,3,fin,3,fin,3
"european journal of industrial 
relations",0959-6801,,,hrm,3,hrm,3,hrm,3,,
european journal of industrial relations,0959-6801,grh,3,,,,,,,hrm,3
"european journal of information 
systems",0960-085X,,,mis,1,mis,1,mis,1,,
european journal of information systems,0960-085X,si,1,,,,,,,mis,1
"european journal of innovation 
management",1460-1060,,,innov,4,innov,4,innov,4,,
european journal of innovation management,1460-1060,innov,4,,,,,,,innov,4
"european journal of international 
management",1751- 6757,,,,,gen/man,4,,,,
"european journal of international 
management",1751-6757,,,,,,,gen/man,4,,
european journal of international management,1751-6757,,,,,,,,,gen/man,4
european journal of marketing,0309-0566,mkg,3,mkg,3,mkg,3,mkg,3,mkg,2
"european journal of operational 
research",0377-2217,,,,,log,1,log,1,,
european journal of operational research,0377-2217,,,,,,,,,log,1
european journal of political economy,0176-2680,,,,,,,,,econ,3
european journal of public health,1101-1262,sant,3,hlth,3,hlth,3,hlth,3,hlth,3
"european journal of the history 
of economic thought",0967-2567,,,,,,,bus/hist,3,,
"european journal of the history of 
economic thought",0967-2567,,,bus/hist,3,bus/hist,3,,,,
"european journal of the history of economic 
thought",0967-2567,hpm,2,,,,,,,,
european journal of the history of economic thought,0967-2567,,,,,,,,,bus/hist,3
"european journal of work  
organizational psychology",1359-432X,,,hrm,3,,,hrm,3,,
"european journal of work  organizational 
psychology",1359-432X,grh,4,,,,,,,,
european journal of work  organizational psychology,1359-432X,,,,,,,,,hrm,3
"european journal of work and 
organizational psychology",1359-432X,,,,,hrm,3,,,,
european management journal,0263-2373,mgtgen,3,gen/man,3,gen/man,3,gen/man,3,gen/man,3
european management review,1740-4754,mgtgen,2,gen/man,2,gen/man,2,gen/man,2,gen/man,2
european planning studies,0965-4313,,,,,,,,,reg/env,4
europeasia studies,0966-8136,,,gen/man,4,gen/man,4,gen/man,4,soc,4
evaluation,1356-3890,publique,3,pub/sec,3,,,,,,
"evaluation the international journal 
of theory research and practice",1356-3890,,,,,pub/sec,3,pub/sec,3,,
evaluation the international journal of theory research and practice,1356-3890,,,,,,,,,pub/sec,3
expert systems with applications,0957-4174,,,mis,3,mis,3,mis,3,mis,3
facilities,0263-2772,,,,,,,,,sector,4
family business review,0894-4865,innov,2,innov,2,innov,2,innov,2,innov,2
finance,0752-6180,fin,2,fin,2,fin,2,fin,2,fin,2
finance  stochastics,0949-2984,fin,3,fin,3,,,,,,
finance and stochastics,0949-2984,,,,,fin,2,fin,2,,
finance and stochastics finance bulletin,0949-2984,,,,,,,,,fin,2
finance contrôle strategie,1287-1141,,,,,,,,,fin,3
finance contrôle stratégie,1287-1141,mgtgen,3,gen/man,3,gen/man,3,gen/man,3,,
finance research letters,1544-6123,fin,3,fin,3,fin,3,fin,3,fin,3
"financial accountability and 
management",0267-4424,,,acc,2,,,acc,3,,
financial accountability and management,0267-4424,cpt,2,,,acc,3,,,acc,3
financial analysts journal,0015-198X,fin,3,fin,3,fin,2,fin,2,fin,2
financial history review,0968-5650,hpm,3,bus/hist,3,bus/hist,3,bus/hist,4,bus/hist,4
financial management,0046-3892,fin,2,fin,2,fin,2,fin,2,fin,2
"financial markets 
and portfolio management",1555-4961,,,,,,,fin,4,,
"financial markets and portfolio 
management",1555-4961,,,fin,4,,,,,,
financial markets and portfolio management,1555-4961,,,,,fin,4,,,fin,4
"financial markets institutions 
 instruments",0963-8008,,,,,,,fin,3,,
"financial markets institutions  
instruments",0963-8008,,,fin,3,,,,,,
financial markets institutions  instruments,0963-8008,fin,3,,,fin,3,,,,
financial markets institutions and instruments,0963-8008,,,,,,,,,fin,3
financial review,0732-8516,fin,4,fin,4,fin,3,fin,3,fin,3
"flexible services and manufacturing 
journal ex international journal of 
flexible manufacturing systems",1936-6582,,,,,log,3,log,3,,
flexible services and manufacturing journal formerly international journal of manufacturing systems,1936-6582,,,,,,,,,log,4
food policy,0306-9192,,,,,,,,,sector,3
futures,0016-3287,innov,3,innov,3,innov,3,innov,3,innov,3
gender and society,0891-2432,,,,,,,,,soc,3
gender work and organization,0968-6673,grh,4,hrm,3,hrm,3,hrm,3,hrm,2
"geneva papers on risk and 
insurance  issues and practice",1018-5895,,,,,,,fin,3,,
"geneva papers on risk and 
insurance issues and practices",1018-5895,,,fin,4,fin,4,,,,
"geneva papers on risk and insurance issues and 
practices",1018-5895,fin,3,,,,,,,,
geneva papers on risk and insurance issues and practice,1018-5895,,,,,,,,,fin,3
geneva risk and insurance review,1554-964X,fin,2,fin,2,,,,,,
gerer et comprendre,0295-4397,,,,,,,,,gen/man,3
german economic review,1465-6485,,,,,,,,,econ,4
"gestion  revue internationale 
de gestion",0701-0028,,,,,,,gen/man,4,,
"gestion  revue internationale de 
gestion",0701-0028,,,gen/man,4,,,,,,
gestion  revue internationale de gestion,0701-0028,mgtgen,4,,,gen/man,4,,,,
gestion 2000,0773-0543,,,gen/man,4,gen/man,4,gen/man,4,,
gestion 2000 gestion et management public,0773-0543,,,,,,,,,gen/man,3
gestion et management public,2116-8865,,,pub/sec,4,pub/sec,3,pub/sec,3,,
global environmental change,0959-3780,,,,,,,,,reg/env,3
global environmental change,1872-9495,,,,,,,,,gen/man,3
global finance journal,1044-0283,fin,4,fin,4,fin,4,fin,4,fin,4
global strategy journal,2042-5791,,,,,strat,3,strat,3,strat,2
governance,0952-1895,publique,3,pub/sec,3,pub/sec,3,pub/sec,3,pub/sec,3
grh,2034-9130,,,hrm,4,hrm,3,hrm,3,hrm,3
group and organization management,1059-6011,grh,3,hrm,3,hrm,2,hrm,2,hrm,2
group decision and negotiation,0926-2644,,,hrm,3,hrm,3,hrm,3,hrm,3
"group dynamics theory research 
and practice",1089-2699,,,org/stud,3,org/stud,3,org/stud,3,,
group dynamics theory research and practice,1089-2699,tho,3,,,,,,,org/stud,3
"group processes and intergroup 
relations",1368-4302,,,org/stud,3,org/stud,3,org/stud,3,,
group processes and intergroup relations,1368-4302,tho,3,,,,,,,org/stud,3
growth and change,0017-4815,,,,,,,,,reg/env,4
gérer et comprendre,0295-4397,tho,4,gen/man,3,gen/man,3,gen/man,3,,
harvard business review,0017-8012,,,,,gen/man,2,gen/man,2,gen/man,2
health affairs,0278-2715,,,hlth,1,hlth,1,hlth,1,hlth,1
health care financing review,0195-8631,sant,3,,,,,,,,
health care management review,0361-6274,sant,3,hlth,3,hlth,3,hlth,3,hlth,3
health care management science,1386-9620,sant,4,hlth,4,hlth,3,hlth,3,hlth,3
health economics,1057-9230,sant,1,,,,,,,,
health policy,0168-8510,sant,2,hlth,2,hlth,2,hlth,2,hlth,2
health policy and planning,0268-1080,sant,4,hlth,2,hlth,3,hlth,3,hlth,4
"health services management 
research",0951-4848,,,hlth,4,,,hlth,4,,
health services management research,0951-4848,sant,4,,,hlth,4,,,hlth,4
health services research,0017-9124,sant,2,hlth,3,hlth,2,hlth,2,hlth,2
history of political economy,0018-2702,,,,,,,,,bus/hist,3
human performance,0895-9285,,,hrm,3,hrm,3,hrm,3,hrm,3
human relations,0018-7267,grh,2,hrm,2,hrm,1,hrm,1,hrm,1
"human resource development 
review",1534-4843,,,,,,,hrm,4,,
human resource development quarterly,1044-8004,,,,,,,,,hrm,4
human resource development review,1534-4843,,,,,,,,,hrm,4
human resource management,0090-4848,grh,2,hrm,2,hrm,1,hrm,1,hrm,1
"human resource management 
journal",0954-5395,,,hrm,3,,,hrm,2,,
"human resource management 
review",1053-4822,,,hrm,3,,,hrm,2,,
human resource management journal,0954-5395,grh,3,,,hrm,2,,,hrm,2
human resource management review,1053-4822,grh,3,,,hrm,2,,,hrm,2
human system management,0167-2533,grh,4,,,,,,,,
human systems management,0167-2533,,,hrm,4,hrm,4,,,,
ieee transaction on humanmachine systems formerly ieee transactions on systems man and cybernetics part c applications and,2168-2291,,,,,,,,,mis,3
"ieee transaction on systems 
man and cybernetics  a",1083-4427,,,mis,3,,,,,,
"ieee transaction on systems 
man and cybernetics  c",1094-6977,,,mis,4,,,,,,
"ieee transaction on systems man and 
cybernetics  a",1083-4427,si,3,,,,,,,,
"ieee transaction on systems man and 
cybernetics  c",1094-6977,si,3,,,,,,,,
ieee transaction on systems man and cybernetics systems formerly ieee transactions on systems man and cybernetics  part a,2168-2216,,,,,,,,,mis,3
"ieee transactions on engineering 
management",0018-9391,,,mis,2,mis,2,mis,2,,
ieee transactions on engineering management,0018-9391,si,2,,,,,,,mis,2
"ieee transactions on human
machine systems",2168-2291,,,,,,,mis,3,,
"ieee transactions on knowledge 
and data engineering",1041-4347,,,,,,,mis,3,,
"ieee transactions on knowledge and 
data engineering",1041-4347,,,mis,2,mis,2,,,,
"ieee transactions on knowledge and data 
engineering",1041-4347,si,2,,,,,,,,
ieee transactions on knowledge and data engineering,1041-4347,,,,,,,,,mis,4
"ieee transactions on software 
engineering",0098-5589,,,mis,2,mis,2,mis,3,,
ieee transactions on software engineering,0098-5589,si,2,,,,,,,mis,3
"ieee transactions on systems man 
and cybernetics  part a systems 
and humans",1083-4427,,,,,mis,3,,,,
"ieee transactions on systems man 
and cybernetics part c applications 
and reviews",1094-6977,,,,,mis,4,,,,
"ieee transactions on systems man 
and cybernetics systems",2168-2216,,,,,,,mis,3,,
iim kozhikode society  management review,2321-029X,,,,,,,,,gen/man,4
"ilr review ex industrial and labor 
relations review",0019-7939,,,,,hrm,2,hrm,3,,
ilr review industrial and labor relations review,0019-7939,,,,,,,,,hrm,2
ima journal of management mathematics,1471-678X,,,,,,,,,gen/man,4
implementation science,1748-5908,,,hlth,2,hlth,2,hlth,3,hlth,4
industrial and corporate change,0960-6491,,,,,,,gen/man,2,gen/man,2
"industrial and labor relations 
review",0019-7939,,,hrm,2,,,,,,
industrial and labor relations review,0019-7939,grh,1,,,,,,,,
"industrial and organizational 
psychology perspectives on science 
and practice",1754-9426,,,,,,,hrm,2,,
industrial and organizational psychology  perspectives on science and practice,1754-9426,,,,,,,,,hrm,3
"industrial management and data 
systems",0263-5577,,,log,4,log,4,log,3,,
industrial management and data systems,0263-5577,log,4,,,,,,,log,3
industrial marketing management,0019-8501,mkg,2,mkg,2,mkg,2,mkg,2,mkg,2
industrial relations,0019-8676,grh,1,hrm,1,hrm,2,hrm,2,,
industrial relations a journal of economy and society,0019-8676,,,,,,,,,hrm,1
industry and innovation,1366-2716,innov,3,innov,3,innov,3,innov,3,innov,3
information and management,0378-7206,si,2,mis,2,mis,2,mis,1,mis,2
information and organization,1471-7727,si,2,mis,2,mis,2,mis,2,mis,2
information communication and society,1464-3650,,,,,,,,,soc,4
information systems and ebusiness management,1617-9846,,,,,,,,,mis,4
information systems frontiers,1387-3326,,,mis,4,mis,3,mis,3,mis,3
information systems journal,1350-1917,si,2,mis,2,mis,2,mis,1,mis,1
information systems research,1047-7047,si,1,mis,1,mis,1,mis,1,mis,1*
information technology and management,1385-951X,,,,,,,,,mis,4
information technology and people,0959-3845,si,3,mis,3,mis,3,mis,3,mis,3
innovation organization  management formerly innovation management policy and practice,1447-9338,,,,,,,,,innov,4
"innovations  revue deconomie et 
de management de linnovation
journal of innovation economics and 
management",1267-4982,,,,,innov,4,,,,
"innovations  revue deconomie et 
de management de linnovation 
journal of innovation economics and 
management",1267-4982,,,,,,,innov,3,,
"innovations  revue déconomie et 
de management de linnovation 
journal of innovation economics 
and management","1267-4982 
2032-5355",,,innov,4,,,,,,
innovations revue déconomie et de management de linnovation  journal of innovation economics and,1267-4982,,,,,,,,,innov,2
insurance mathematics  economics,0167-6687,fin,3,fin,3,,,,,,
"insurance mathematics and 
economics",0167-6687,,,,,,,fin,3,,
insurance mathematics and economics,0167-6687,,,,,fin,2,,,fin,3
interfaces,0092-2102,,,,,,,,,gen/man,3
international business review,0969-5931,strat,3,strat,2,strat,2,strat,2,strat,2
international economic review,0020-6598,,,,,,,,,econ,1
international economics,2110-7017,,,,,,,,,econ,4
"international entrepreneurship and 
management journal",1554-7191,innov,4,innov,4,innov,4,innov,3,,
international entrepreneurship and management journal,1554-7191,,,,,,,,,innov,4
"international entrepreneurship journal and small 
business",1476-1297,innov,4,,,,,,,,
"international journal for quality 
in health care",1353-4505,,,,,,,hlth,4,,
"international journal for quality in 
health care",1353- 4505,,,,,hlth,4,,,,
international journal for quality in health care,1353- 4505,,,,,,,,,hlth,4
"international journal of 
entrepreneurial behaviour 
and research",1355-2554,,,innov,4,,,,,,
"international journal of 
entrepreneurship and 
innovation management",1368-275X,,,,,,,innov,4,,
"international journal of 
entrepreneurship and innovation",1465-7503,,,innov,4,innov,4,innov,4,,
"international journal of 
entrepreneurship and innovation 
management ijeim",1368-275X,,,innov,4,,,,,,
"international journal of 
entrepreneurship and small business",1476-1297,,,innov,4,innov,4,innov,4,,
"international journal of 
manufacturing technology 
and management",1368-2148,,,log,3,,,,,,
international journal of accounting,0020-7063,cpt,3,,,,,,,,
international journal of accounting information systems,1467-0895,,,,,,,,,acc,4
international journal of advertising,0265-0487,mkg,3,mkg,3,mkg,3,mkg,3,mkg,3
"international journal of arts 
management",1480-8986,,,gen/man,4,,,gen/man,4,,
international journal of arts management,1480-8986,mgtgen,4,,,gen/man,4,,,gen/man,4
international journal of auditing,1090-6738,cpt,3,acc,3,acc,3,acc,3,acc,3
"international journal of bank 
marketing",0265-2323,,,mkg,4,,,mkg,4,,
international journal of bank marketing,0265-2323,mkg,4,,,mkg,4,,,mkg,4
international journal of business governance and ethics,1741-802X,,,,,,,,,gen/man,4
international journal of consumer studies,1470-6423,,,,,,,,,mkg,4
international journal of contemporary hospitality management,0959-6119,,,,,,,,,sector,3
"international journal of cross 
cultural management",1470-5958,,,strat,4,strat,4,strat,4,,
"international journal of cross cultural 
management",1470-5958,strat,4,,,,,,,,
international journal of cross cultural management,1470-5958,,,,,,,,,strat,4
"international journal of electronic 
commerce",1086-4415,,,mis,2,mis,2,mis,2,,
international journal of electronic commerce,1086-4415,si,2,,,,,,,mis,2
international journal of energy sector management,1750-6220,,,,,,,,,sector,4
"international journal of entrepreneu
rial behaviour and research",1355-2554,,,,,innov,4,,,,
"international journal of entrepreneur
ship and innovation management",1368-275X,,,,,innov,4,,,,
"international journal of entrepreneurial 
behaviour and research",1355-2554,innov,4,,,,,innov,3,,
international journal of entrepreneurial behaviour and research,1355-2554,,,,,,,,,innov,3
"international journal of entrepreneurship and 
innovation",1465-7503,innov,4,,,,,,,,
"international journal of entrepreneurship and 
innovation management ijeim",1368-275X,innov,4,,,,,,,,
international journal of entrepreneurship and innovation,1465-7503,,,,,,,,,innov,4
international journal of entrepreneurship and innovation management,1368-275X,,,,,,,,,innov,4
international journal of entrepreneurship and small business,1476-1297,,,,,,,,,innov,4
international journal of finance and economics,1076-9307,,,,,,,,,fin,3
"international journal of flexible 
manufacturing systems",0920-6299,,,log,3,,,,,,
international journal of flexible manufacturing,0920-6299,log,2,,,,,,,,
international journal of forecasting,0169-2070,,,,,log/strat,3,log/strat,3,econ,3
international journal of gender and entrepreneurship,1756-6266,,,,,,,,,hrm,4
"international journal of health 
economics and management",1389-6563,,,,,hlth,4,,,,
"international journal of health 
economics and management",2199-9023,,,,,,,hlth,4,,
"international journal of health 
planning and management",0749-6753,,,hlth,4,hlth,4,hlth,4,,
"international journal of health care 
finance and economics",1389-6563,,,hlth,4,,,,,,
"international journal of health care finance and 
economics",1389-6563,sant,2,,,,,,,,
international journal of health economics and management,2199-9023,,,,,,,,,hlth,4
"international journal of health planning and 
management",0294-0736,sant,4,,,,,,,,
international journal of health planning and management,0749-6753,,,,,,,,,hlth,4
international journal of heritage studies,1352-7258,,,,,,,,,sector,4
"international journal of hospitality 
management",0278-4319,,,,,,,tour,3,,
international journal of hospitality management,0278-4319,,,,,,,,,sector,3
"international journal of human 
computer studies",1071-5819,,,mis,3,mis,3,mis,3,,
"international journal of human 
resource management",0958-5192,,,hrm,3,hrm,3,hrm,2,,
"international journal of human computer 
studies",1071-5819,si,3,,,,,,,,
international journal of human computer studies,1071-5819,,,,,,,,,mis,4
"international journal of human resource 
management",0958-5192,grh,3,,,,,,,,
international journal of human resource management,0958-5192,,,,,,,,,hrm,2
"international journal of information 
management",0268-4012,si,3,mis,3,mis,3,mis,2,,
international journal of information management,0268-4012,,,,,,,,,mis,3
"international journal of innovation 
management",1363-9196,,,innov,4,innov,4,innov,4,,
international journal of innovation management,1363-9196,innov,4,,,,,,,innov,4
international journal of intercultural relations,0147-1767,,,,,,,,,psy,4
"international journal of knowledge 
culture and change management",1447-9524,,,gen/man,4,gen/man,4,,,,
"international journal of knowledge 
management studies",1743-8268,,,,,org/stud,4,,,,
"international journal of knowledge culture and 
change management",1447-9524,mgtgen,4,,,,,,,,
international journal of knowledge culture and change management,1447-9524,,,,,,,,,gen/man,4
"international journal of logistics 
management",0957-4093,,,log,3,,,,,,
"international journal of logistics 
research and applications",1367-5567,,,log,3,log,3,log,3,,
international journal of logistics management,0957-4903,log,3,,,,,,,,
"international journal of logistics research and 
applications",1367-5567,log,3,,,,,,,,
international journal of logistics research and applications,1367-5567,,,,,,,,,log,3
"international journal of management 
reviews",1460-8545,,,gen/man,2,gen/man,2,gen/man,2,,
international journal of management and decision making,1462-4621,,,,,,,,,gen/man,4
international journal of management reviews,1460-8545,mgtgen,2,,,,,,,gen/man,2
international journal of managing projects in business,1753-8378,,,,,,,,,gen/man,4
international journal of manpower,0143-7720,,,,,,,hrm,4,hrm,3
"international journal of manufactu
ring technology and management",1368-2148,,,,,log,3,,,,
"international journal of manufacturing 
technology and management",1368-2148,log,3,,,,,log,4,,
international journal of manufacturing technology and management,1368-2148,,,,,,,,,log,4
"international journal of market 
research",1470-7853,,,,,,,mkg,3,,
international journal of market research,1470-7853,mkg,3,mkg,3,mkg,3,,,mkg,3
"international journal of operations 
and production management",0144-3577,,,log,2,log,2,log,2,,
"international journal of operations and 
production management",0144-3577,log,2,,,,,,,,
international journal of operations and production management,0144-3577,,,,,,,,,log,1
"international journal of physical 
distribution and logistics 
management",0960-0035,,,log,3,,,,,,
"international journal of physical 
distribution and logistics management",0960-0035,,,,,,,log,2,,
"international journal of physical dis
tribution and logistics management",0960-0035,,,,,log,2,,,,
"international journal of physical distribution and 
logistics management",0960-0035,log,3,,,,,,,,
international journal of physical distribution and logistics management,0960-0035,,,,,,,,,log,2
"international journal of production 
economics",0925-5273,,,log,1,log,1,log,1,,
"international journal of production 
research",0020-7543,,,log,2,log,2,log,2,,
international journal of production economics,0925-5273,log,1,,,,,,,log,1
international journal of production research,0020-7543,log,2,,,,,,,log,2
"international journal of project 
management",0263-7863,,,log,3,log,2,log,2,,
international journal of project management,0263-7863,log,3,,,,,,,log,2
"international journal of public 
administration",0190-0692,,,pub/sec,3,pub/sec,3,pub/sec,3,,
"international journal of public 
sector management",0951-3558,,,,,,,pub/sec,4,,
international journal of public administration,0190-0692,publique,3,,,,,,,pub/sec,3
"international journal of public sector 
management",0951-3558,publique,3,pub/sec,3,pub/sec,3,,,,
international journal of public sector management,0951-3558,,,,,,,,,pub/sec,4
"international journal of quality and 
reliability management",0265-671X,,,log,3,log,3,log,3,,
"international journal of quality and reliability 
management",0265-671X,log,3,,,,,,,,
international journal of quality and reliability management,0265-671X,,,,,,,,,log,3
"international journal of quality in 
health care",1353-4505,,,hlth,3,,,,,,
international journal of quality in health care,1353-4505,sant,4,,,,,,,,
"international journal of research in 
marketing",0167-8116,,,mkg,1,mkg,1,mkg,1,,
international journal of research in marketing,0167-8116,mkg,1,,,,,,,mkg,1
"international journal of retail 
and distribution management",0959-0552,,,,,,,mkg/log,3,,
"international journal of retail and 
distribution management",0959-0552,,,mkg/log,3,mkg/log,3,,,,
"international journal of retail and distribution 
management",0959-0552,mkg/log,3,,,,,,,,
international journal of retail and distribution management,0959-0552,,,,,,,,,mkg,3
"international journal of selection 
and assessment",0965-075X,,,,,,,hrm,4,,
"international journal of selection and 
assessment",0965-075X,,,hrm,3,hrm,3,,,,
international journal of selection and assessment,0965-075X,,,,,,,,,hrm,4
international journal of stress management,1072-5245,,,,,,,,,hrm,4
international journal of stress management,1573-3424,,,,,,,,,psy,4
"international journal of technology 
and human interaction",1548-3908,,,mis,4,mis,4,,,,
"international journal of technology 
assessment in health care",0266-4623,,,,,hlth,4,hlth,4,,
"international journal of technology 
management",0267-5730,innov/log,3,innov/log,3,innov/log,3,innov/log,3,,
"international journal of technology and human 
interaction",1548-3908,si,4,,,,,,,,
international journal of technology assessment in health care,0266-4623,,,,,,,,,hlth,4
international journal of technology management,0267-5730,,,,,,,,,innov,3
"international journal of theoretical 
and applied finance",0219-0249,,,fin,3,fin,3,fin,3,,
"international journal of theoretical and applied 
finance",0219-0249,fin,3,,,,,,,,
international journal of theoretical and applied finance,0219-0249,,,,,,,,,fin,3
international journal of tourism research,1099-2340,,,,,,,,,sector,4
"international journal of transport 
economics",0303-5247,,,,,,,log,4,,
"international journal of transport 
economics",0391-8440,,,,,log,4,,,,
international journal of transport economics,0391-8440,,,,,,,,,log,4
international journal of urban and regional research,0309-1317,,,,,,,,,reg/env,3
international labour review,0020-7780,grh,3,hrm,3,hrm,3,hrm,3,acc,3
international marketing review,0265-1335,mkg,3,mkg,2,mkg,2,mkg,2,mkg,2
"international public management 
journal",1096-7494,,,,,,,pub/sec,4,,
international public management journal,1096-7494,,,,,,,,,pub/sec,4
"international review of 
administrative sciences",0020-8523,,,pub/sec,3,pub/sec,3,pub/sec,3,,
international review of administrative sciences,0020-8523,publique,3,,,,,,,hrm,3
"international review of economics 
 finance",1059-0560,,,,,,,fin,4,,
international review of economics and finance,1059-0560,,,,,,,,,fin,4
"international review of financial 
analysis",1057-5219,,,fin,3,fin,3,fin,3,,
international review of financial analysis,1057-5219,fin,3,,,,,,,fin,3
international review of law and economics,0144-8188,,,,,,,,,econ,3
"international review of public 
administration",1229-4659,,,pub/sec,4,pub/sec,4,pub/sec,4,,
international review of public administration,1229-4659,publique,4,,,,,,,pub/sec,4
international small business journal,0266-2426,innov,2,innov,2,innov,2,innov,2,innov,2
"international studies of management 
and organization",0020-8825,,,gen/man,3,gen/man,3,gen/man,3,,
"international studies of management and 
organization",0020-8825,mgtgen,3,,,,,,,,
international studies of management and organization,0020-8825,,,,,,,,,pub/sec,3
international transactions in operational research,0969-6016,,,,,,,,,gen/man,4
internet research,1066-2243,,,,,,,,,mis,4
"journal de gestion et deconomie 
médicale",0294-0736,,,hlth,4,hlth,4,,,,
"journal de gestion et deconomie 
médicales",0294-0736,,,,,,,hlth,4,,
journal de gestion et déconomie de la sante,2262-5305,,,,,,,,,hlth,4
journal deconomie médicale,0294-0736,sant,4,,,,,,,,
journal européen des systèmes automatisés,1269-6935,log,3,,,,,,,,
"journal of accounting and 
organizational change",1832-5912,,,,,acc,4,acc,4,,
journal of accounting and economics,0165-4101,cpt,1,acc,1,acc,1,acc,1,acc,1*
journal of accounting and organizational change,1832-5912,,,,,,,,,acc,4
"journal of accounting and public 
policy",0278-4254,,,acc,2,acc,2,acc,2,,
journal of accounting and public policy,0278-4254,cpt,2,,,,,,,acc,2
"journal of accounting auditing 
and finance",0148-558X,,,,,,,acc,3,,
"journal of accounting auditing and 
finance",0148-558X,,,acc,3,acc,3,,,,
journal of accounting auditing and finance,0148-558X,cpt,3,,,,,,,acc,3
journal of accounting literature,0737-4607,cpt,3,acc,3,acc,3,acc,3,acc,3
journal of accounting research,0021-8456,cpt,1,acc,1,acc,1,acc,1,acc,1*
journal of advertising,0091-3367,mkg,2,mkg,2,mkg,2,mkg,2,mkg,2
journal of advertising research,0021-8499,mkg,3,mkg,3,mkg,2,mkg,2,mkg,2
journal of alternative investments,1520-3255,,,fin,4,fin,4,fin,4,fin,4
"journal of applied accounting 
research",0967-5426,,,acc,3,,,acc,3,,
journal of applied accounting research,0967-5426,cpt,3,,,acc,3,,,acc,3
journal of applied behavioral science,0021-8863,tho,3,org/stud,3,,,,,,
journal of applied business research,0892-7626,mgtgen,3,gen/man,3,,,,,,
journal of applied econometrics,0883-7252,,,,,,,,,econ,2
journal of applied psychology,0021-9010,,,hrm,1,hrm,1,app/psy/soc,1,psy,1*
journal of applied social psychology,0021-9029,,,,,,,app/psy/soc,3,org/stud,4
"journal of arts management law 
and society",1063-2921,,,gen/man,4,gen/man,4,,,,
journal of arts management law and society,1063-2921,mgtgen,4,,,,,,,,
journal of asset management,1470-8272,fin,4,fin,4,fin,4,fin,4,fin,4
journal of banking and finance,0378-4266,fin,1,fin,1,fin,1,fin,1,fin,1
"journal of behavioral and 
experimental economics formerly 
journal of socioeconomics",2214-8043,,,,,,,org/stud,3,,
journal of behavioral and experimental economics formerly journal of socioeconomics,2214-8043,,,,,,,,,org/stud,3
journal of behavioral decision making,0894-3257,,,,,,,,,psy,2
journal of behavioral finance,1542-7560,,,fin,4,fin,4,fin,4,fin,4
journal of brand management,1350-231X,mkg,4,mkg,4,mkg,4,mkg,3,mkg,3
"journal of business  industrial 
marketing",0885-8624,,,mkg,3,,,mkg,3,,
journal of business  industrial marketing,0885-8624,mkg,3,,,mkg,3,,,mkg,3
journal of business and economic statistics,0735-0015,,,,,,,,,econ,1
journal of business and psychology,0889-3268,,,,,,,hrm,3,hrm,3
journal of business economics and management,1611-1699,,,,,,,,,gen/man,4
journal of business ethics,0167-4544,grh,2,hrm,2,hrm,2,hrm,1,gen/man,1
"journal of business finance and 
accounting",0306-686X,,,acc/fin,2,acc/fin,2,acc/fin,2,,
journal of business finance and accounting,0306-686X,cpt/fin,2,,,,,,,acc,2
journal of business logistics,0735-3766,log,3,log,2,log,2,log,2,log,2
journal of business research,0148-2963,mkg,2,mkg,2,mkg,2,mkg,2,mkg,2
journal of business strategy,0275-6668,strat,3,strat,3,strat,3,strat,4,strat,4
journal of business to business marketing,1051-712X,,,,,,,,,mkg,4
journal of business venturing,0883-9026,innov,1,innov,1,innov,1*,innov,1*,innov,1*
"journal of businesstobusiness 
marketing",1051-712X,,,mkg,4,mkg,4,mkg,4,,
journal of businesstobusiness marketing,1051-712X,mkg,4,,,,,,,,
journal of career assessment,1069-0727,,,,,hrm,3,hrm,3,hrm,3
journal of career development,0894-8453,,,,,,,,,psy,4
journal of change management,1469-7017,strat,4,strat,4,strat,4,strat,4,strat,4
journal of cleaner production,0959- 6526,,,,,log,3,,,,
journal of cleaner production,0959-6526,,,,,,,log,3,log,2
journal of commodity markets,2405-8513,,,,,,,,,fin,4
journal of computational finance,1460-1559,,,,,,,,,fin,4
"journal of computer mediated 
communication",1083-6101,,,mkg,3,,,,,,
journal of computer mediated communication,1083-6101,,,,,,,,,mis,2
"journal of computermediated 
communication",1083-6101,,,,,mkg,2,mis,2,,
journal of conflict resolution,0022-0027,,,,,,,,,psy,3
journal of consumer affairs,0022-0078,,,mkg,4,mkg,3,mkg,3,mkg,3
journal of consumer affairs,1745-6606,mkg,3,,,,,,,,
journal of consumer behaviour,1472-0817,,,,,,,,,mkg,4
journal of consumer marketing,0736-3761,mkg,4,mkg,4,mkg,4,mkg,4,mkg,4
journal of consumer policy,0168-7034,,,,,,,,,soc,4
journal of consumer psychology,1057-7408,mkg,1,mkg,1,mkg,1,mkg,1,mkg,1
journal of consumer research,0093-5301,mkg,1,mkg,1,mkg,1,mkg,1,mkg,1*
journal of corporate finance,0929-1199,,,,,fin,2,fin,2,,
"journal of corporate finance 
contracting governance and 
organization",0929-1199,,,fin,2,,,,,,
"journal of corporate finance contracting 
governance and organization",0929-1199,fin,2,,,,,,,,
journal of corporate finance contracting governance and organization,0929-1199,,,,,,,,,fin,1
journal of credit risk,1744-6619,,,,,,,,,fin,4
journal of cultural economy,1753-0350,,,,,,,,,soc,4
journal of decision systems,1246-0125,si,4,mis,4,mis,4,mis,4,mis,4
journal of derivatives,1074-1240,fin,3,fin,3,fin,3,fin,3,fin,3
journal of development studies,0022-0388,,,,,,,,,soc,3
journal of developmental entrepreneurship,1084-9467,,,,,innov,4,,,,
journal of econometrics,0304-4076,,,,,,,,,econ,1
journal of economic behavior and organization,0167-2681,,,,,,,,,econ,2
journal of economic dynamics and control,0165-1889,,,,,,,,,econ,2
journal of economic geography,1468-2702,,,,,,,,,reg/env,1
journal of economic growth,1381-4338,,,,,,,,,econ,1
journal of economic literature,0022-0515,,,,,,,,,econ,1
journal of economic perspectives,0895-3309,,,,,,,,,econ,1
journal of economic psychology,0167-4870,,,,,,,,,psy,3
journal of economic theory,0022-0531,,,,,,,,,econ,1
"journal of economics and 
management strategy",1058-6407,,,strat,1,strat,2,strat,2,,
journal of economics and management strategy,1058-6407,strat,1,,,,,,,strat,2
journal of electronic commerce research,1526-6133,,,,,,,,,mkg,4
journal of emerging market finance,0972-6527,,,,,fin,4,fin,4,fin,4
journal of empirical finance,0927-5398,fin,3,fin,3,fin,2,fin,2,fin,2
journal of employment counseling,0022-0787,,,,,,,,,psy,4
"journal of engineering and 
technology management",0923-4748,,,innov,3,innov,3,innov,3,,
"journal of engineering and technology 
management",0923-4748,innov,3,,,,,,,,
journal of engineering and technology management,0923-4748,,,,,,,,,innov,3
"journal of enterprise information 
management",1741-0398,,,mis,4,mis,4,mis,3,,
journal of enterprise information management,1741-0398,si,4,,,,,,,mis,4
journal of enterprising culture,0218-4958,innov,4,innov,4,innov,4,innov,4,innov,4
journal of environmental economics and management,0095-0696,,,,,,,,,econ,1
journal of environmental management,0301-4797,,,,,,,,,soc,2
journal of family business strategy,1877-8585,,,,,innov,4,innov,3,innov,3
journal of fashion marketing and management,1361-2026,,,,,,,,,mkg,4
journal of finance,0022-1082,fin,1*,fin,1*,fin,1*,fin,1*,fin,1*
"journal of financial and 
quantitative analysis",0022-1090,,,,,,,fin,1,,
"journal of financial and quantitative 
analysis",0022-1090,,,fin,1,fin,1,,,,
journal of financial and quantitative analysis,0022-1090,fin,1,,,,,,,fin,1
journal of financial econometrics,1479-8409,,,,,,,,,fin,2
journal of financial economics,0304-405X,fin,1,fin,1,fin,1,fin,1,fin,1*
journal of financial intermediation,1042-9573,fin,2,fin,2,fin,2,fin,2,fin,1
journal of financial markets,1386-4181,fin,3,fin,2,fin,2,fin,2,fin,2
journal of financial research,0270-2592,fin,3,fin,3,fin,3,fin,3,fin,3
"journal of financial services 
research",0920-8550,,,fin,3,,,fin,3,,
journal of financial services research,0920-8550,fin,3,,,fin,3,,,fin,3
journal of financial stability,1572-3089,,,,,fin,3,fin,3,fin,3
journal of fixed income,1059-8596,fin,3,fin,3,fin,3,fin,3,fin,3
journal of forecasting,0277-6693,,,,,,,,,econ,3
journal of futures markets,0270-7314,fin,3,fin,3,fin,3,fin,3,fin,3
journal of general management,0306-3070,,,,,,,gen/man,4,gen/man,4
"journal of global information 
management",1062-7375,,,mis,2,,,mis,3,,
journal of global information management,1062-7375,si,2,,,mis,3,,,mis,3
journal of health economics,0167-6296,sant,1,,,,,,,,
"journal of health politics policy 
and law",0361-6878,,,hlth,3,,,hlth,4,,
journal of health politics policy and law,0361-6878,sant,3,,,hlth,4,,,hlth,4
"journal of health services research 
and policy",1355-8196,,,hlth,4,hlth,4,hlth,4,,
journal of health services research and policy,1355-8196,sant,4,,,,,,,hlth,4
"journal of high technology 
management research",1047-8310,,,innov,4,innov,4,innov,4,,
"journal of high technology management 
research",1047-8310,innov,4,,,,,,,,
journal of high technology management research,1047-8310,,,,,,,,,innov,4
journal of historical research in marketing,1755-750X,,,,,,,,,bus/hist,4
journal of hospitality and tourism management,1447-6770,,,,,,,,,sector,4
journal of hospitality and tourism research,1096-3480,,,,,,,,,sector,4
journal of hospitality leisure sport and tourism education,1473-8376,,,,,,,,,sector,4
journal of human resources,0022-166X,,,,,,,hrm,2,hrm,2
journal of industrial economics,0022-1821,,,,,,,,,econ,2
journal of industrial relations,0022-1856,,,,,,,hrm,4,hrm,4
journal of information systems,0888-7985,,,,,,,,,mis,4
journal of information technology,0268-3962,si,3,mis,2,mis,1,mis,1,mis,1
journal of intellectual capital,1469-1930,,,,,,,,,innov,4
journal of interactive marketing,1094-9968,mkg,3,mkg,3,mkg,2,mkg,2,mkg,2
"journal of international 
entrepreneurship",1570-7385,,,innov,3,,,innov,4,,
"journal of international accounting 
research",1542-6297,,,acc,3,acc,3,acc,3,,
journal of international accounting research,1542-6297,cpt,3,,,,,,,acc,3
"journal of international business 
studies",0047-2506,,,strat,1,strat,1,strat,1,,
journal of international business studies,0047-2506,strat,1,,,,,,,strat,1*
journal of international economics,0022-1996,,,,,,,,,econ,1
journal of international entrepreneurship,1570-7385,innov,3,,,innov,3,,,innov,4
"journal of international financial 
markets institutions  money",1042-4431,,,,,,,fin,3,,
journal of international financial markets institutions and money,1042-4431,,,,,,,,,fin,3
journal of international management,1075-4253,strat,3,strat,3,strat,3,strat,3,strat,3
journal of international marketing,1069-031X,mkg,3,mkg,3,mkg,2,mkg,2,mkg,2
"journal of international money and 
finance",0261-5606,,,,,,,fin,2,,
journal of international money and finance,0261-5606,,,,,,,,,fin,2
journal of knowledge management,1367-3270,tho,4,org/stud,4,org/stud,3,org/stud,3,org/stud,2
journal of labor economics,0734-306X,,,,,,,,,econ,1
journal of labor research,0195-3613,,,,,,,hrm,4,hrm,4
journal of law and economics,0022-2186,,,,,,,,,econ,1
journal of law economics and organization,8756-6222,,,,,,,,,econ,2
journal of legal studies,0047-2530,,,,,,,,,econ,3
journal of macroeconomics,0164-0704,,,,,,,,,econ,3
journal of macromarketing,0276-1467,mkg,3,mkg,3,mkg,3,mkg,3,mkg,3
journal of management,0149-2063,mgtgen,2,gen/man,1,gen/man,1,gen/man,1,gen/man,1
journal of management  organization,1833-3672,,,,,,,,,gen/man,4
"journal of management accounting 
research",1049-2127,,,acc,3,acc,3,acc,3,,
journal of management accounting research,1049-2127,cpt,3,,,,,,,acc,3
"journal of management and 
governance",1385-3457,,,acc/fin,4,,,acc/fin,4,,
journal of management and governance,1385-3457,,,,,acc/fin,4,,,gen/man,4
journal of management development,0262-1711,grh,4,hrm,4,hrm,4,hrm,4,hrm,4
journal of management history,1751-1348,,,,,,,,,bus/hist,4
journal of management in engineering,0742-597X,,,,,,,,,sector,4
"journal of management information 
systems",0742-1222,,,,,mis,1,mis,1,,
journal of management information systems,0742-1222,,,,,,,,,mis,1
journal of management inquiry,1056-4926,mgtgen,3,gen/man,3,gen/man,2,gen/man,2,gen/man,2
journal of management spirituality and religion,1476-6086,,,,,,,,,gen/man,4
journal of management studies,0022-2380,mgtgen,1,gen/man,1,gen/man,1,gen/man,1,gen/man,1
journal of managerial psychology,0268-3946,grh,4,hrm,4,hrm,3,hrm,3,hrm,3
journal of manufacturating systems,0278-6125,log,3,,,,,,,,
"journal of manufacturing and 
operations management",0890-2577,,,log,3,log,4,,,,
"journal of manufacturing and operations 
management",0890-2577,log,3,,,,,,,,
journal of manufacturing systems,0278-6125,,,log,3,log,3,log,3,log,4
journal of manufacturing technology management,1741-038X,,,,,,,,,gen/man,4
journal of marketing,0022-2429,mkg,1*,mkg,1*,mkg,1*,mkg,1*,mkg,1*
journal of marketing education,0273-4753,,,,,mkg,4,mkg,4,mkg,4
journal of marketing management,0267-257X,mkg,3,mkg,3,mkg,3,mkg,3,mkg,3
journal of marketing research,0022-2437,mkg,1,mkg,1,mkg,1,mkg,1,mkg,1*
"journal of marketing theory 
and practice",1069-6679,,,,,,,mkg,4,,
"journal of marketing theory and 
practice",1069-6679,,,mkg,4,mkg,4,,,,
journal of marketing theory and practice,1069-6679,mkg,4,,,,,,,mkg,4
journal of marketing trends,1961-7798,,,,,,,,,mkg,4
journal of marketing trends,2114-8910,,,,,mkg,4,mkg,4,,
journal of mathematical economics,0304-4068,,,,,,,,,econ,2
journal of mis,0742-1222,si,1,mis,1,,,,,,
journal of monetary economics,0304-3932,,,,,,,,,econ,1
journal of money credit and banking,0022-2879,,,,,,,,,fin,1
"journal of multinational financial 
management",1042-444X,,,fin,4,fin,4,fin,4,,
journal of multinational financial management,1042-444X,fin,4,,,,,,,fin,4
journal of nursing management,0966-0429,,,hlth,4,hlth,4,hlth,4,hlth,4
"journal of occupational and 
organizational psychology",0963-1798,,,hrm,2,hrm,2,hrm,2,,
"journal of occupational and organizational 
psychology",0963-1798,grh,2,,,,,,,,
journal of occupational and organizational psychology,0963-1798,,,,,,,,,hrm,2
"journal of occupational health 
psychology",1076-8998,,,,,,,hrm,3,,
journal of occupational health psychology,1076-8998,,,,,hrm,3,,,hrm,2
journal of operations management,0272-6963,log,1,log,1,log,1,log,1,log,1*
"journal of organizational and end 
user computing",1546-2234,,,mis,3,mis,3,mis,4,,
"journal of organizational and end user 
computing",1546-2234,si,3,,,,,,,,
journal of organizational and end user computing,1546-2234,,,,,,,,,mis,4
journal of organizational behavior,0894-3796,tho,2,org/stud,1,org/stud,1,org/stud,1,org/stud,1
"journal of organizational behavior 
management",0160-8061,,,org/stud,3,org/stud,3,org/stud,4,,
journal of organizational behavior management,0160-8061,tho,3,,,,,,,org/stud,4
"journal of organizational change 
management",0953-4814,,,org/stud,3,org/stud,3,org/stud,3,,
journal of organizational change management,0953-4814,tho,3,,,,,,,org/stud,3
"journal of pension economics 
and finance",1474-7472,,,,,,,fin,4,,
"journal of pension economics and 
finance",1474-7472,,,,,fin,4,,,,
journal of pension economics and finance,1474-7472,,,,,,,,,fin,4
"journal of personal selling 
and sales management",0885-3134,,,,,,,mkg,3,,
"journal of personal selling and sales 
management",0885-3134,mkg,3,mkg,3,mkg,3,,,,
journal of personal selling and sales management,0885-3134,,,,,,,,,mkg,3
journal of personnel psychology,1866-5888,,,,,,,,,psy,4
journal of political economy,0022-3808,,,,,,,,,econ,1*
journal of portfolio management,0095-4918,fin,3,fin,3,fin,3,fin,3,fin,3
"journal of product and brand 
management",1061-0421,,,mkg,4,,,mkg,3,,
journal of product and brand management,1061-0421,mkg,4,,,mkg,4,,,mkg,4
"journal of product innovation 
management",0737-6782,,,innov,1,,,innov,1,,
journal of product innovation management,0737-6782,innov,1,,,innov,1,,,innov,1
journal of productivity analysis,0895-562X,,,,,,,,,mkg,4
journal of professions and organization,2051-8803,,,,,,,,,hrm,4
journal of psychology interdisciplinary and applied,1940-1019,,,,,,,,,psy,4
"journal of public administration 
research and theory",1053-1858,,,pub/sec,1,pub/sec,1,pub/sec,2,,
"journal of public administration research and 
theory",1053-1858,publique,1,,,,,,,,
journal of public administration research and theory,1053-1858,,,,,,,,,pub/sec,2
journal of public economics,0047-2727,,,,,,,,,econ,1
"journal of public policy and 
marketing",0743-9156,,,mkg,3,,,mkg,2,,
journal of public policy and marketing,0743-9156,mkg,3,,,mkg,3,,,mkg,2
"journal of purchasing and supply 
management",1478-4092,,,log,3,log,3,log,3,,
journal of purchasing and supply management,1478-4092,log,3,,,,,,,log,3
journal of quality technology,0022-4065,log,2,log,3,log,3,log,3,mkg,3
"journal of real estate finance 
and economics",0895-5638,,,,,,,fin,3,,
"journal of real estate finance and 
economics",0895-5638,,,fin,3,fin,3,,,,
journal of real estate finance and economics,0895-5638,fin,3,,,,,,,fin,3
journal of regional science,0022-4146,,,,,,,,,reg/env,3
journal of retailing,0022-4359,mkg,2,mkg,2,mkg,1,mkg,1,mkg,1
"journal of retailing and 
consumer services",0969-6989,,,,,,,mkg,3,,
"journal of retailing and consumer 
services",0969-6989,,,mkg,3,mkg,3,,,,
journal of retailing and consumer services,0969-6989,mkg,3,,,,,,,mkg,3
journal of revenue and pricing management,1476-6930,,,,,,,,,gen/man,4
journal of risk,1465-1211,,,,,,,,,fin,4
journal of risk and insurance,0022-4367,fin,2,fin,2,fin,2,fin,2,fin,2
journal of risk and uncertainty,0895-5646,fin,2,fin,2,fin,2,fin,2,fin,2
journal of service management,1757-5818,,,gen/man,4,gen/man,3,gen/man,3,gen/man,3
journal of service research,1094-6705,mkg,2,mkg,2,mkg,1,mkg,1,mkg,1
journal of service theory and practice formerly managing service quality an international journal,2055-6225,,,,,,,,,gen/man,4
journal of services marketing,0887-6045,mkg,3,mkg,3,mkg,3,mkg,3,mkg,3
"journal of small business 
management",0047-2778,,,innov,2,innov,2,innov,2,,
"journal of small business  
entrepreneurship",0827-6331,,,,,,,innov,4,,
"journal of small business and 
enterprise development",1462-6004,,,innov,4,innov,4,innov,4,,
"journal of small business and 
entrepreneurship",0827-6331,,,,,innov,4,,,,
"journal of small business and enterprise 
development",1462-6004,innov,4,,,,,,,,
journal of small business and enterprise development,1462-6004,,,,,,,,,innov,4
journal of small business and entrepreneurship,0827-6331,,,,,,,,,innov,4
journal of small business management,0047-2778,innov,2,,,,,,,innov,2
journal of sport management,0888-4773,,,,,,,,,sector,4
"journal of strategic information 
systems",0963-8687,,,mis,2,,,mis,2,,
journal of strategic information systems,0963-8687,si,2,,,mis,2,,,mis,2
journal of strategic marketing,0965-254X,,,mkg,4,mkg,4,mkg,4,mkg,4
journal of strategic marketing,1466-4488,mkg,4,,,,,,,,
journal of supply chain management,1523-2409,log,4,log,3,log,2,log,2,log,2
journal of sustainable tourism,0966-9582,,,,,,,tour,3,sector,3
journal of technology transfer,0892-9912,innov,3,innov,3,innov,3,innov,3,innov,3
"journal of the academy of marketing 
science",0092-0703,,,mkg,2,mkg,1,mkg,1,,
journal of the academy of marketing science,0092-0703,mkg,2,,,,,,,mkg,1
"journal of the association for 
information systems",1536-9323,,,mis,2,mis,2,mis,2,,
"journal of the association for information 
systems",1536-9323,si,2,,,,,,,,
journal of the association for information systems,1536-9323,,,,,,,,,mis,1
journal of the european economic association,1542-4766,,,,,,,,,econ,1
journal of the history of economic thought,1053-8372,,,,,,,,,econ,4
"journal of the operational research 
society",0160-5682,,,,,log,3,log,2,,
journal of the operational research society,0160-5682,,,,,,,,,log,2
journal of transport economics and policy,0022-5258,,,,,,,,,sector,4
journal of transport geography,0966-6923,,,,,,,,,sector,4
"journal of travel  tourism 
marketing",1054-8408,,,,,,,mkg/tour,3,,
journal of travel  tourism marketing,1054-8408,,,,,,,,,sector,3
journal of travel  tourism marketing,1540-7306,mkg,4,,,,,,,,
"journal of travel and tourism 
marketing",1054-8408,,,mkg,4,,,,,,
journal of travel and tourism marketing,1054-8408,,,,,mkg,4,,,,
journal of travel research,0047-2875,,,,,gen/man,2,tour,2,sector,2
journal of urban economics,0094-1190,,,,,,,,,econ,2
journal of vocational behavior,0001-8791,grh,2,hrm,2,hrm,2,hrm,2,hrm,2
journal of world business,1090-9516,,,,,,,strat,2,strat,1
"journal of world business 
formely columbia jwb",1090-9516,,,strat,2,strat,2,,,,
"journal of world business formely columbia 
jwb",1090-9516,strat,2,,,,,,,,
judgment and decision making,1930-2975,,,,,,,,,psy,3
knowledge and process management,1099-1441,,,,,org/stud,4,org/stud,4,org/stud,4
"knowledge management research 
 practice",1477-8238,,,,,,,mis,3,,
"knowledge management research  
practice",1477-8238,,,mis,3,mis,3,,,,
knowledge management research  practice,1477-8238,si,3,,,,,,,mis,3
kyklos,0023-5962,,,,,,,,,soc,3
la revue des sciences de gestion,1160-7742,,,gen/man,4,gen/man,4,gen/man,4,gen/man,4
la revue du financier,0223-0143,fin,4,,,,,,,fin,EM
labor history,0023-656X,hpm,4,bus/hist,4,bus/hist,4,bus/hist,4,bus/hist,4
labour economics,0927-5371,,,,,,,,,econ,2
land economics,0023-7639,,,,,,,,,econ,3
leadership,1742-7150,tho,4,org/stud,4,org/stud,4,org/stud,4,org/stud,4
"leadership  organization 
development journal",0143-7739,,,,,,,org/stud,4,,
leadership and organization development journal,0143-7739,,,,,,,,,org/stud,4
leadership quarterly,1048-9843,grh,2,hrm,2,hrm,1,hrm,1,hrm,1
learning organization,0969-6474,tho,4,org/stud,4,org/stud,4,,,,
leisure studies,0261-4367,,,,,,,,,sector,4
local economy,0269-0942,,,,,gen/man,4,gen/man,4,gen/man,4
local government studies,0300-3930,publique,3,pub/sec,3,pub/sec,3,pub/sec,3,pub/sec,3
logistique  management,1250-7970,log,4,,,,,log,3,,
logistique  management,2377-9640,,,,,log,4,,,,
logistique et management,1250-7970,,,log,4,,,,,log,2
long range planning,0024-6301,strat,2,strat,2,strat,2,strat,2,,
long range planning mngement,0024-6301,,,,,,,,,strat,2
macroeconomic dynamics,1365-1005,,,,,,,,,econ,3
management  avenir,1768-5958,mgtgen,4,gen/man,4,gen/man,3,gen/man,3,,
management  avenir management  avenir sante,1768-5958,,,,,,,,,gen/man,3
management accounting quarterly,1528-5359,cpt,4,acc,4,acc,4,,,,
management accounting research,1044-5005,cpt,2,acc,2,acc,2,acc,1,acc,1
"management and organization 
review",1740-8776,,,,,,,org/stud,3,,
management and organization review,1740-8776,,,,,,,,,org/stud,3
"management and organizational 
history",1744-9359,,,bus/hist,4,,,bus/hist,4,,
management and organizational history,1744-9359,hpm,4,,,bus/hist,4,,,bus/hist,4
"management communication 
quarterly",0893-3189,,,org/stud,4,,,org/stud,3,,
management communication quarterly,0893-3189,tho,4,,,org/stud,4,,,org/stud,4
management decision,0025-1747,mgtgen,4,gen/man,4,gen/man,3,gen/man,3,gen/man,4
management et sciences sociales,1952-3262,,,,,gen/man,4,gen/man,4,gen/man,4
management international,1206-1697,strat,3,strat,2,strat,2,strat,2,strat,2
management international review,0025-181X,strat,3,strat,3,strat,3,,,,
management international review,0938-8249,,,,,,,strat,3,strat,3
management learning,1350-5076,mgtgen,3,gen/man,3,gen/man,2,gen/man,2,gen/man,2
management research review,2040-8269,,,,,,,,,gen/man,4
management science,0025-1909,mgtgen/log,1*,gen/man/log,1*,gen/man/log,1*,gen/man/log,1*,gen/man,1*
managerial and decision economics,0143-6570,,,,,,,,,gen/man,3
managerial auditing journal,0268-6902,cpt,4,acc,4,acc,4,acc,3,acc,3
managerial finance,0307-4358,fin,4,fin,4,fin,4,fin,4,fin,4
"manufacturing and service 
operations management",1523-4614,,,log,2,log,2,log,1,,
"manufacturing and service operations 
management",1523-4614,log,4,,,,,,,,
manufacturing and service operations management,1523-4614,,,,,,,,,log,1
marine policy,0308-597X,,,,,,,,,sector,4
marine resource economics,0738-1360,,,,,,,,,sector,4
marketing letters,0923-0645,mkg,2,mkg,2,mkg,2,mkg,2,mkg,2
marketing science,0732-2399,mkg,1,mkg,1,mkg,1,mkg,1,mkg,1*
marketing theory,1470-5931,mkg,4,mkg,4,mkg,3,mkg,3,mkg,3
mathematical finance,0960-1627,fin,2,fin,2,fin,2,fin,2,fin,2
measuring business excellence,1368-3047,,,,,,,,,gen/man,4
medical care,0025-7079,sant,1,hlth,1,hlth,1,hlth,2,hlth,2
medical care and research review,1077-5587,sant,3,,,,,,,,
medical care research and review,1077-5587,,,hlth,2,hlth,3,hlth,3,hlth,4
medical decision making,0272-989X,sant,2,hlth,3,hlth,3,hlth,3,hlth,3
"milbank memorial fund quarterly  
the milbank quarterly",0887-378X,,,hlth,1,,,,,,
"milbank memorial fund quarterly  the milbank 
quarterly",0887-378X,sant,2,,,,,,,,
mis quarterly,0276-7783,si,1*,mis,1*,mis,1*,mis,1*,mis,1*
mis quarterly executive,1540-1960,,,,,,,,,mis,3
"mis quarterly executive a research 
journal dedicated to improving prac
tice",1540-1960,,,,,,,mis,3,,
"mis quarterly executive a research 
journal dedicated to improving practice",1540 -1960,,,,,mis,3,,,,
mit sloan management review,1532-9194,,,,,gen/man,2,gen/man,2,gen/man,2
mngement,1286-4892,mgtgen,2,gen/man,2,gen/man,2,gen/man,2,,
multinational business review,1525-383X,strat,4,strat,4,strat,4,strat,4,strat,4
multinational finance journal,1096-1879,fin,4,fin,4,fin,4,,,,
negociations,1780-9231,,,,,,,,,gen/man,4
negotiation journal,0748-4526,,,,,,,,,mkg,4
new technology work and employment,0268-1072,,,,,,,,,hrm,3
nonprofit and voluntary sector quarterly,0899-7640,,,,,,,,,sector,2
nonprofit management and leadership,1048-6682,,,,,,,,,sector,4
north american actuarial journal,1092-0277,fin,4,fin,3,fin,3,fin,3,fin,3
négociations,1780-9231,,,hrm/strat,4,,,,,,
omega the international journal of management science,0305-0483,,,,,,,,,gen/man,3
operations research,0030-364X,,,,,log,1,log,1,log,1*
organization,1350-5084,tho,1,org/stud,1,org/stud,2,org/stud,2,org/stud,2
organization and environment,1086-0266,tho,3,org/stud,3,org/stud,3,org/stud,3,org/stud,3
organization science,1047-7039,tho,1,org/stud,1,org/stud,1,org/stud,1,org/stud,1*
organization studies,0170-8406,tho,1,org/stud,1,org/stud,1,org/stud,1,org/stud,1
organization theory,2631-7877,,,,,,,,,org/stud,4
"organizational behavior and 
human decision processes",0749-5978,,,hrm,1,,,hrm,1,,
"organizational behavior and human 
decision processes",0749-5978,,,,,hrm,1,,,,
"organizational behavior and human decision 
processes",0749-5978,grh,1,,,,,,,,
organizational behavior and human decision processes,0749-5978,,,,,,,,,hrm,1
organizational dynamics,0090-2616,tho,2,org/stud,2,org/stud,2,org/stud,2,org/stud,2
organizational psychology review,2041-3866,,,,,,,org/stud,4,org/stud,4
organizational research methods,1094-4281,tho,2,org/stud,2,org/stud,1,org/stud,1,org/stud,1
oxford bulletin of economics and statistics,0305-9049,,,,,,,,,econ,3
oxford economic papers,0030-7653,,,,,,,,,econ,3
pacific basin finance journal,0927-538X,fin,3,fin,3,fin,3,fin,3,fin,3
papers in regional science,1056-8190,,,,,,,,,reg/env,3
personnel psychology,0031-5826,grh,1,hrm,1,hrm,1,hrm,1,hrm,1
personnel review,0048-3486,grh,3,hrm,3,hrm,3,hrm,3,hrm,3
pharmacoeconomics,1170-7690,sant,2,,,,,,,,
philosophy of management,1740-3812,,,,,,,,,gen/man,4
policy and politics,0305-5736,publique,2,pub/sec,2,pub/sec,3,pub/sec,3,pub/sec,3
politiques et management public,0758-1726,publique,4,pub/sec,4,pub/sec,4,pub/sec,4,pub/sec,3
postcommunist economies,1463-1377,,,,,,,,,econ,4
"production and inventory 
management journal",0897-8336,,,log,3,log,3,log,4,,
production and inventory management journal,0897-8336,log,3,,,,,,,log,4
"production and operations 
management",1059-1478,,,log,1,,,log,1,,
production and operations management,1059-1478,log,1,,,log,1,,,log,1
production planning and control,0953-7287,log,2,log,2,log,2,log,2,log,2
project management journal,8756-9728,,,,,,,,,gen/man,4
psychology and marketing,0742-6046,mkg,2,mkg,2,mkg,2,mkg,2,mkg,2
"public administration 
an international quarterly",0033-3298,,,pub/sec,3,pub/sec,3,pub/sec,3,,
public administration an international quarterly,0033-3298,publique,3,,,,,,,pub/sec,2
"public administration and 
development",0271-2075,,,pub/sec,3,,,pub/sec,3,,
public administration and development,0271-2075,publique,3,,,pub/sec,3,,,pub/sec,3
public administration review,0033-3352,publique,1,pub/sec,1,pub/sec,1,pub/sec,1,pub/sec,1
public health,0033-3506,sant,3,hlth,4,hlth,4,hlth,4,hlth,4
public management review,1471-9037,publique,3,pub/sec,3,pub/sec,3,pub/sec,3,pub/sec,3
public money and management,0954-0962,publique,3,pub/sec,3,pub/sec,3,pub/sec,3,pub/sec,3
public organization review,1566-7170,publique,3,pub/sec,4,pub/sec,4,pub/sec,4,pub/sec,4
qualitative market research,1352-2752,mkg,4,mkg,4,mkg,4,mkg,4,mkg,4
qualitative research,1468-7941,,,,,,,res/meth,4,soc,4
qualitative research in accounting and management,1176-6093,,,,,,,,,acc,4
quality and safety in health care,1475-3898,sant,2,,,,,,,,
quality management journal,1068-6967,log,4,log,4,log,4,,,,
quality of life research,0962-9343,sant,3,hlth,3,hlth,3,hlth,3,hlth,3
quantitative finance,1469-7688,fin,3,fin,3,fin,3,fin,3,fin,3
quantitative marketing  economics,1570-7156,mkg,3,mkg,3,,,,,,
"quantitative marketing and 
economics",1570-7156,,,,,,,mkg,2,,
quantitative marketing and economics,1570-7156,,,,,mkg,3,,,mkg,2
quarterly journal of economics,0033-5533,,,,,,,,,econ,1*
questions de management,2262-7030,,,,,gen/man,4,gen/man,4,gen/man,4
rand journal of economics,0741-6261,,,,,,,,,econ,1
rd management,0033-6807,innov,3,innov,2,innov,2,innov,2,innov,2
real estate economics,1080-8620,fin,3,fin,3,fin,3,fin,3,fin,3
"recherche et applications en 
marketing",0767-3701,,,mkg,2,,,mkg,2,,
recherche et applications en marketing,0767-3701,mkg,2,,,mkg,2,,,mkg,2
"recherche et cas en sciences de 
gestion",2117-802X,,,,,,,gen/man,4,,
recherche et cas en sciences de gestion,2646-6546,,,,,,,,,gen/man,4
"recherches en sciences de gestion  
management sciences  
ciencias de gestión",1634-7056,,,,,,,gen/man,3,,
"recherches en sciences de gestion  
management sciences  ciencias de 
gestión",1634-7056,,,gen/man,3,gen/man,3,,,,
"recherches en sciences de gestion  
management sciences  ciencias de gestión  
ancien nom  revue sciences de gestion",1634-7056,mgtgen,4,,,,,,,,
recherches en sciences de gestion  management sciences  ciencias de gestion,2259-6372,,,,,,,,,gen/man,3
regional science and urban economics,0166-0462,,,,,,,,,reg/env,3
regional studies,0034-3404,,,,,,,,,reg/env,2
"relations industrielles  
industrial relations",0034-379X,,,,,,,hrm,3,,
"relations industrielles  industrial 
relations",0034-379X,,,hrm,3,hrm,3,,,,
relations industrielles  industrial relations,0034-379X,grh,3,,,,,,,hrm,2
relations industrielles  industrial relations,0034-379X,grh,3,,,,,,,hrm,3
resaddersse international,2103-8651,,,,,,,gen/man,4,,
"research in international business 
and finance",0275-5319,,,fin,4,fin,4,fin,4,,
research in international business and finance,0275-5319,fin,4,,,,,,,fin,3
research in organizational behavior,0191-3085,tho,2,org/stud,2,org/stud,2,org/stud,2,org/stud,2
research policy,0048-7333,innov,2,innov,1,innov,1,innov,1,innov,1*
researchtechnology management,0895-6308,,,,,,,,,gen/man,3
resource and energy economics,0928-7655,,,,,,,,,econ,3
revenue de lentrepreneuriat,1766-2524,,,,,,,,,innov,2
review of accounting and finance,1475-7702,cpt,4,acc,4,acc,4,acc,4,acc,4
review of accounting studies,1380-6653,cpt,1,acc,1,acc,1,acc,1,acc,1
review of asset pricing studies,2045-9920,,,,,fin,4,fin,4,,
review of asset pricing studies,2045-9939,,,,,,,,,fin,4
review of corporate finance studies,2046-9128,,,,,fin,4,fin,3,,
review of corporate finance studies,2046-9136,,,,,,,,,fin,3
review of derivatives research,1380-6645,fin,4,fin,4,fin,3,fin,3,fin,3
review of economic dynamics,1094-2025,,,,,,,,,econ,2
review of economic studies,0034-6527,,,,,,,,,econ,1*
review of economics and statistics,0034-6535,,,,,,,,,econ,1
review of finance,1572-3097,,,,,,,,,fin,1
"review of finance 
ex european finance review",1572-3097,,,,,,,fin,1,,
"review of finance 
exeuropean finance review",1572-3097,,,,,fin,1,,,,
"review of finance exeuropean 
finance review",1572-3097,,,fin,1,,,,,,
review of finance exeuropean finance review,1382-6662,fin,1,,,,,,,,
review of financial economics,1058-3300,fin,4,fin,4,fin,4,fin,4,fin,4
review of financial studies,0893-9454,fin,1,fin,1,fin,1,fin,1,fin,1*
review of industrial organization,0889-938X,,,,,,,gen/man,3,gen/man,3
review of international economics,0965-7576,,,,,,,,,econ,3
review of managerial science,1863-6683,,,,,,,,,gen/man,4
"review of public personnel 
administration",0734-371X,,,,,,,hrm,4,,
"review of public personnel adminis
tration",0734-371X,,,hrm,4,,,,,,
review of public personnel administration,0734-371X,grh,4,,,hrm,4,,,hrm,4
"review of quantitative finance 
and accounting",0924-865X,,,,,,,fin,3,,
"review of quantitative finance and 
accounting",0924-865X,,,fin,3,fin,3,,,,
review of quantitative finance and accounting,0924-865X,fin,3,,,,,,,fin,3
"revue de gestion des ressources 
humaines",1163-913X,,,hrm,2,hrm,2,hrm,2,,
revue de gestion des ressources humaines,1163-913X,grh,3,,,,,,,hrm,2
revue de lentrepreneuriat,1630-7542,innov,4,innov,3,innov,2,innov,2,,
revue de lorganisation responsable,1951-0187,mgtgen,4,gen/man,4,gen/man,4,,,,
"revue de lorganisation responsable 
ror",1951-0187,,,,,,,gen/man,4,,
revue de lorganisation responsable ror,1951-0187,,,,,,,,,gen/man,3
revue deconomie financière,1777-5744,fin,4,fin,4,fin,4,fin,4,,
revue déconomie financiere,0987-3368,,,,,,,,,fin,4
revue europeenne deconomie et de management des services ex eco  societe serie economie et gestion des,2497-0107,,,,,,,,,gen/man,EM
revue française dadministration publique,0152-7401,publique,4,,,,,,,,
revue française de gestion,0338-4551,mgtgen,4,gen/man,3,gen/man,2,gen/man,2,gen/man,2
"revue française de gestion 
industrielle",0242-9780,,,log,4,,,,,,
revue française de gestion industrielle,0242-9780,log,4,,,,,,,log,EM
"revue française de gouvernance 
dentreprise",1962-2961,,,,,gen/man,4,gen/man,4,,
revue française de gouvernance dentreprise,1962-2961,,,,,,,,,gen/man,4
"revue française de ladministration 
publique",0152-7401,,,pub/sec,4,pub/sec,4,,,,
revue française de marketing,0035-3051,,,mkg,4,mkg,4,,,,
revue française du marketing,0035-3051,mkg,4,,,,,,,,
revue humanisme  et entreprise,0018-7372,grh,4,,,,,,,,
"revue interdisciplinaire  
management hommes   
entreprise rimhe",2259-2490,,,gen/man,4,,,,,,
"revue interdisciplinaire management 
homme et entreprise rimhe",2259-2490,,,,,gen/man,4,,,,
"revue interdisciplinaire sur le 
management homme  entreprise 
rimhe",2259-2490,,,,,,,gen/man,3,,
revue interdisciplinaire sur le management homme  entreprise rimhe,2259-2490,,,,,,,,,gen/man,3
"revue internationale de 
psychosociologie et de gestion des 
comportements organisationnels 
ripco",1260-1705,,,hrm,4,,,,,,
"revue internationale de psychosociolo
gie et de gestion des comportements 
organisationnels ripco",1260-1705,,,,,hrm,4,,,,
revue internationale de psychosociologe et de gestion des comportements organisationnels ripco,1260-1705,,,,,,,,,hrm,3
"revue internationale de psychosociologie 
et de gestion des comportements 
organisationnels ripco",1260-1705,,,,,,,hrm,4,,
revue internationale pme,0776-5436,innov,4,,,,,,,,
revue internationale pme ripme,0776-5436,,,innov,3,innov,3,innov,3,innov,2
réseaux,0751-7971,si,4,mis,4,mis,4,mis,4,,
scandinavian journal of economics,0347-0520,,,,,,,,,econ,3
scandinavian journal of management,0956-5221,mgtgen,3,gen/man,3,gen/man,3,gen/man,3,gen/man,3
schmalenbach business review,1439-2917,,,,,,,,,gen/man,4
sciences sociales et santé,0294-0337,sant,4,,,,,,,,
service industries journal,0264-2069,,,,,,,,,sector,4
siam journal on financial mathematics,1945-497X,,,,,,,,,fin,4
small business economics,0921-898X,innov,2,innov,2,innov,2,innov,2,innov,2
small group research,1046-4964,,,,,,,,,org/stud,4
social business,2044-4087,,,,,,,,,gen/man,4
social forces,0037-7732,,,,,,,,,soc,3
social networks,0378-8733,,,,,,,,,soc,4
social science and medicine,0277-9536,sant,1,hlth,1,hlth,1,hlth,2,hlth,2
society and business review,1746-5680,,,strat,4,strat,4,strat,4,strat,4
socioeconomic planning sciences the international journal of public sector decisionmaking,0038-0121,,,,,,,,,soc,4
socioeconomic review,1475-1461,,,,,,,,,soc,2
sociological methods  research,0049-1241,,,,,,,res/meth,3,soc,4
sociology,0038-0385,,,,,,,,,soc,2
sport management review,1441-3523,,,,,,,,,sector,4
sport marketing quarterly,1061-6934,,,,,,,,,mkg,4
strategic change,1086-1718,strat,3,strat,3,strat,4,,,strat,4
strategic entrepreneurship journal,1932-4391,innov,2,innov,2,innov,2,innov,1,innov,1
strategic management journal,0143-2095,strat,1*,strat,1*,strat,1*,strat,1*,strat,1*
strategic organization,1476-1270,strat,3,strat,3,strat,2,strat,2,strat,2
"supply chain forum 
an international journal",1624-6039,,,log,4,log,3,,,,
"supply chain forum 
an international journal",1625-8312,,,,,,,log,3,,
supply chain forum an international journal,1624-6039,log,4,,,,,,,,
supply chain forum an international journal,1625-8312,,,,,,,,,log,3
"supply chain management 
an international journal",1359-8546,,,log,3,log,2,log,2,,
"supply chain management an international 
journal",1359-8546,log,3,,,,,,,,
supply chain management an international journal,1359-8546,,,,,,,,,log,2
"sustainability accounting 
management and policy journal",2040-8021,,,acc,4,acc,4,acc,3,,
sustainability accounting management and policy journal,2040-8021,,,,,,,,,acc,3
systemes agroalimentaires  food systems ex economies et societes  serie ag systemes agroalimentaires,2555-4670,,,,,,,,,sector,4
systemes dinformation et management,1260-4984,,,,,,,,,mis,2
"systèmes agroalimentaires  
food systems ex economies et 
sociétés  série ag systèmes 
agroalimentaires",0013-0567,,,,,,,gen/man,4,,
"systèmes dinformation et 
management",1260-4984,,,mis,2,,,mis,2,,
systèmes dinformation et management,1260-4984,si,2,,,mis,2,,,,
"technological forecasting and 
social change",0040-1625,,,,,,,innov,2,,
"technological forecasting and social 
change",0040-1625,,,innov,2,innov,2,,,,
technological forecasting and social change,0040-1625,innov,2,,,,,,,innov,2
"technology analysis and strategic 
management",0953-7325,,,strat,3,strat,3,strat,3,,
technology analysis and strategic management,0953-7325,strat,3,,,,,,,strat,3
technovation,0166-4972,innov,3,innov,3,innov,3,innov,2,innov,2
telecommunications policy,0308-5961,,,,,,,,,sector,4
"the academy of management 
learning and education",1537-260X,,,gen/man,2,,,,,,
"the academy of management learning and 
education",1537-260X,mgtgen,3,,,,,,,,
the accounting review,0001-4826,,,,,acc,1*,acc,1*,,
the european journal of finance,1351-847X,fin,4,fin,4,fin,4,fin,3,fin,3
"the geneva risk and insurance 
review",1554-964X,,,,,fin,3,fin,3,,
the geneva risk and insurance review,1554-964X,,,,,,,,,fin,3
"the international journal of 
accounting",0020-7063,,,acc,3,,,acc,3,,
"the international journal of 
logistics management",1094-4060,,,,,,,log,3,,
"the international journal of 
technology assessment in 
health care",0266-4623,,,hlth,3,,,,,,
the international journal of accounting,0020-7063,,,,,acc,3,,,,
the international journal of accounting,1094-4060,,,,,,,,,acc,3
"the international journal of logistics 
management",0957-4093,,,,,log,3,,,,
the international journal of logistics management,0957-4093,,,,,,,,,log,3
"the international journal of technology 
assessment in health",0266-4623,sant,3,,,,,,,,
"the journal of applied behavioral 
science",0021-8863,,,,,org/stud,3,org/stud,3,,
the journal of applied behavioral science,0021-8863,,,,,,,,,gen/man,3
the journal of entrepreneurship,0971-3557,,,,,innov,4,innov,4,innov,4
the learning organization,0969-6474,,,,,,,org/stud,4,org/stud,4
the milbank quarterly,0887-378X,,,,,hlth,2,hlth,2,hlth,2
"the quarterly review of economics 
and finance",1062-9769,,,,,,,fin,4,,
the quarterly review of economics and finance,1062-9769,,,,,,,,,fin,4
theory culture and society,0263-2764,,,,,,,,,soc,3
"thunderbird international business 
review",1096-4762,,,strat,4,strat,4,strat,4,,
thunderbird international business review,1096-4762,strat,4,,,,,,,strat,4
total quality management  business excellence,1478-3363,,,,,,,,,gen/man,4
tourism analysis,1083-5423,,,,,,,,,sector,4
tourism economics,1354-8166,,,,,,,,,sector,4
tourism geographies,1461-6688,,,,,,,,,sector,4
tourism management,0261-5177,,,,,gen/man,2,tour,1,sector,1
tourism management perspectives,2211-9736,,,,,,,,,sector,4
tourism planning and development formerly tourism and hospitality planning and development,1479-053X,,,,,,,,,sector,4
tourism recreation research,0250-8281,,,,,,,,,sector,4
tourist studies,1468-7976,,,,,,,,,sector,4
transport reviews,0144-1647,,,,,,,,,sector,3
transportation,0049-4488,,,,,,,,,sector,4
transportation research a policy and practice,0965-8564,,,,,,,,,sector,2
transportation research b methodological,0191-2615,,,,,,,,,sector,1
transportation research d transport and environment,1361-9209,,,,,,,,,sector,2
"transportation research part e 
logistics",1366-5545,,,log,2,,,,,,
"transportation research part e 
logistics and transportation review",1366-5545,,,,,log,2,log,2,,
transportation research part e logistics,1366-5545,log,2,,,,,,,,
transportation research part e logistics and transportation review,1366-5545,,,,,,,,,log,2
utilities policy,0957-1787,,,,,,,,,sector,4
value in health,1098-3015,sant,2,,,,,,,,
"venture capital  an international 
journal of entrepreneurial finance",1369-1066,,,fin,4,,,,,,
"venture capital an international 
journal of entrepreneurial finance",1369-1066,,,,,fin,4,fin,4,,
venture capital an international journal of entrepreneurial finance,1369-1066,,,,,,,,,fin,4
vie et sciences de lentreprise,2262-5321,,,,,,,,,gen/man,4
"vine journal of information and 
knowledge management systems",2059- 5891,,,,,org/stud,4,,,,
voluntas,0957-8765,,,gen/man,4,gen/man,4,gen/man,4,,
voluntas international journal of voluntary and nonprofit organizations,0957-8765,,,,,,,,,gen/man,4
work and occupations,0730-8884,grh,3,hrm,3,hrm,3,hrm,3,hrm,3
work and stress,0267-8373,grh,3,hrm,3,hrm,3,hrm,3,hrm,3
work employment and society,0950-0170,grh,3,hrm,3,hrm,3,hrm,2,hrm,2
world development,0305-750X,,,,,,,,,soc,2
x world bank economic review,0258-6770,,,,,,,,,econ,2
xtransport policy,0967-070X,,,,,,,,,sector,3
xurban studies,0042-0980,,,,,,,,,reg/env,2
