issn,journal_names,journal_hal,rang_2011,rang_2013,rang_2016,rang_2019,rang_2022,rang_2025
2034-9130,@grh; '@GRH,@GRH,,4,3,3,3,2
1073-0516,"ACM Transactions on Human Computer 
Interaction; ACM Transactions on Human 
Computer Interaction; ACM Transactions on Computer-
Human Interaction; ACM TRANSACTIONS ON COMPUTER-HUMAN INTERACTION",ACM Transactions on Computer-Human Interaction,4,4,3,3,3,2
0515-0361,"ASTIN Bulletin: Journal of the International 
Actuarial Association; ASTIN Bulletin: Journal of the 
International Actuarial Association; ASTIN Bulletin; ASTIN BULLETIN",ASTIN Bulletin,3,3,3,3,3,3
0001-3072,"Abacus; Abacus: A Journal of Accounting, 
Finance and Business Studies; ABACUS",Abacus,3,2,2,2,2,2
1941-6520,Academy of Management Annals; ACADEMY OF MANAGEMENT ANNALS,Academy of Management Annals,,3,1,1,1,
0001-4273,Academy of Management Journal; ACADEMY OF MANAGEMENT JOURNAL,Academy of Management Journal,1,1,1,1,1*,1*
1537-260X,"The Academy of Management Learning and 
Education; The Academy of Management 
Learning and Education; Academy of Management Learning 
and Education; ACADEMY OF MANAGEMENT LEARNING AND EDUCATION",Academy of Management Learning and Education,3,2,2,2,1,1
1558-9080,"Academy of Management 
Perspectives; ACADEMY OF MANAGEMENT PERSPECTIVES",Academy of Management Perspectives,,2,1,2,2,2
0363-7425,Academy of Management Review; ACADEMY OF MANAGEMENT REVIEW,Academy of Management Review,1*,1*,1*,1*,1*,1*
0148-4184,Accounting Historians Journal; ACCOUNTING HISTORIANS JOURNAL,Accounting Historians Journal,3,3,4,4,4,4
1032-3732,Accounting History; ACCOUNTING HISTORY,Accounting History,4,4,3,3,3,3
2155-2851,"Accounting History Review (ex : Accounting, 
Business and Financial History); Accounting History Review 
(ex : Accounting, Business and 
Financial History); Accounting History Review 
(ex Accounting, Business and 
Financial History); Accounting History Review; ACCOUNTING HISTORY REVIEW (Formerly: Accounting, Business and Financial History)",Accounting History Review,3,3,3,3,3,3
0888-7993,Accounting Horizons; ACCOUNTING HORIZONS,Accounting Horizons,3,2,2,2,2,2
0001-4788,Accounting and Business Research; ACCOUNTING AND BUSINESS RESEARCH,Accounting and Business Research,3,3,3,3,3,2
0810-5391,Accounting and Finance; ACCOUNTING AND FINANCE,Accounting and Finance,4,3,3,3,3,3
1744-9480,Accounting in Europe; ACCOUNTING IN EUROPE,Accounting in Europe,,4,4,4,3,3
0951-3574,"Accounting Auditing and Accountability Journal; Accounting Auditing and 
Accountability Journal; Accounting, Auditing & Accountability 
Journal; ACCOUNTING, AUDITING AND ACCOUNTABILITY JOURNAL","Accounting, Auditing & Accountability Journal",3,3,3,2,2,2
0361-3682,"Accounting, Organization and Society; Accounting, Organization 
and Society; ACCOUNTING, ORGANIZATION AND SOCIETY","Accounting, Organization and Society",1,1,1,1,1*,1*
0095-3997,Administration and Society; ADMINISTRATION AND SOCIETY,Administration and Society,2,2,3,3,3,3
0001-8392,Administrative Science Quarterly; ADMINISTRATIVE SCIENCE QUARTERLY,Administrative Science Quarterly,1*,1*,1*,1*,1*,1*
0882-6110,Advances in Accounting; ADVANCES IN ACCOUNTING (Incorporating: Advances in International Accounting),Advances in Accounting,,,,3,3,3
0742-3322,Advances in Strategic Management; ADVANCES IN STRATEGIC MANAGEMENT,Advances in Strategic Management,2,3,3,3,3,3
1088-0224,American Journal of Managed Care; AMERICAN JOURNAL OF MANAGED CARE,American Journal of Managed Care,,2,3,4,4,4
1062-8606,American Journal of Medical Quality; AMERICAN JOURNAL OF MEDICAL QUALITY,American Journal of Medical Quality,3,3,3,4,4,4
0275-0740,"American Review of Public
Administration; American Review of Public 
Administration; AMERICAN REVIEW OF PUBLIC ADMINISTRATION",American Review of Public Administration,,4,4,3,3,3
1614-2446,Annals of Finance; ANNALS OF FINANCE,Annals of Finance,4,4,4,4,4,4
0254-5330,Annals of Operations Research; ANNALS OF OPERATIONS RESEARCH,Annals of Operations Research,,,,2,2,2
1370-4788,"ANNALS OF PUBLIC AND COOPERATIVE ECONOMICS; Annals of Public and Cooperative 
Economics",Annals of Public and Cooperative Economics,,4,4,4,4,4
0160-7383,Annals of Tourism Research; ANNALS OF TOURISM RESEARCH,Annals of Tourism Research,,,2,2,2,2
2327-0608,"Annual Review of Organizational 
Psychology and Organizational Behavior; ANNUAL REVIEW OF ORGANIZATIONAL PSYCHOLOGY AND ORGANIZATIONAL BEHAVIOR",Annual Review of Organizational Psychology and Organizational Behavior,,,,4,4,3
0960-3107,Applied Financial Economics; APPLIED FINANCIAL ECONOMICS,Applied Financial Economics,4,4,4,4,4,4
1350-486X,Applied Mathematical Finance; APPLIED MATHEMATICAL FINANCE,Applied Mathematical Finance,,4,4,4,4,4
0269-994X,"Applied Psychology: An International 
Review; APPLIED PSYCHOLOGY: AN INTERNATIONAL REVIEW",Applied Psychology: An International Review,,,,3,2,2
1360-2381,Asia Pacific Business Review; ASIA PACIFIC BUSINESS REVIEW,Asia Pacific Business Review,3,3,3,4,4,4
1038-4111,"Asia Pacific Journal of Human Resources; Asia Pacific Journal of 
Human Resources; Asia Pacific Journal of Human 
Resources; ASIA PACIFIC JOURNAL OF HUMAN RESOURCES",Asia Pacific Journal of Human Resources,4,4,4,4,4,4
0217-4561,Asia Pacific Journal of Management; ASIA PACIFIC JOURNAL OF MANAGEMENT,Asia Pacific Journal of Management,4,3,3,3,3,3
0278-0380,"Auditing, A Journal of Practice and Theory; Auditing, A Journal of Practice 
and Theory; Auditing, A Journal of Practice and 
Theory; AUDITING, A JOURNAL OF PRACTICE AND THEORY; AUDITING-A JOURNAL OF PRACTICE & THEORY","Auditing, A Journal of Practice and Theory",2,2,2,2,2,2
1472-6963,BMC Health Services Research; BMC HEALTH SERVICES RESEARCH,BMC Health Services Research,3,3,3,3,4,4
2044-5415,"BMJ Quality and Safety; BMJ Quality and Safety 
(Original research); BMJ QUALITY AND SAFETY (ORIGINAL RESEARCH)",BMJ Quality and Safety,,,2,2,2,3
2101-9304,"BANKERS, MARKETS AND INVESTORS; Bankers, Markets & Invetors (ex Banque et 
Marchés); Bankers, Markets and Investors","Bankers, Markets and Investors",3,3,3,3,4,4
1050-4753,Behavioral Research in Accounting; BEHAVIORAL RESEARCH IN ACCOUNTING,Behavioral Research in Accounting,3,3,3,3,3,3
0890-8389,British Accounting Review; BRITISH ACCOUNTING REVIEW,British Accounting Review,3,3,3,3,3,2
0007-1080,British Journal of Industrial Relations; BRITISH JOURNAL OF INDUSTRIAL RELATIONS,British Journal of Industrial Relations,2,2,2,2,2,1
1045-3172,British Journal of Management; BRITISH JOURNAL OF MANAGEMENT,British Journal of Management,2,2,2,2,1,2
1779-7160,Bulletin Français d'Actuariat,Bulletin Français d'Actuariat,4,4,4,4,,
0042-9686,"Bulletin of the World Health Organization; Bulletin of the World 
Health Organization; Bulletin of the World Health 
Organization; BULLETIN OF THE WORLD HEALTH ORGANIZATION",Bulletin of the World Health Organization,3,3,3,3,4,4
1052-150X,"Business Ethics Quarterly; BUSINESS ETHICS QUARTERLY Business Ethics, the Environment and Responsibility",Business Ethics Quarterly,4,2,2,2,2,2
1467-8594,Business Ethics: a European review; Business Ethics: A European Review; BUSINESS ETHICS: A EUROPEAN REVIEW,Business Ethics: A European Review,4,4,4,3,3,
0007-6791,Business History; BUSINESS HISTORY,Business History,2,2,2,2,2,2
0007-6805,Business History Review; BUSINESS HISTORY REVIEW,Business History Review,3,3,3,3,3,2
0007-6813,Business Horizons; BUSINESS HORIZONS,Business Horizons,,,,3,3,3
1463-7154,"Business Process Management Journal; Business Process Management 
Journal; BUSINESS PROCESS MANAGEMENT JOURNAL",Business Process Management Journal,3,3,3,3,4,3
0964-4733,"Business Strategy and the Environment; Business Strategy and 
the Environment; Business Strategy and the 
Environment; BUSINESS STRATEGY AND THE ENVIRONMENT",Business Strategy and the Environment,4,3,3,3,3,3
1867-0202,"Business and Information Systems Engineering 
(wirtschaftsinformatik); Business and Information Systems 
Engineering (wirtschaftsinformatik); Business and Information Systems 
Engineering (Wirtschaftsinformatik); Business and Information Systems 
Engineering; BUSINESS AND INFORMATION SYSTEMS ENGINEERING (BISE) (Formerly: Wirtschaftsinformatik (WI))",Business and Information Systems Engineering,4,4,4,3,4,3
0007-6503,Business and Society; BUSINESS AND SOCIETY,Business and Society,4,4,3,2,2,2
1150-8809,Cahiers Scientifiques du Transport,Cahiers Scientifiques du Transport,,4,4,4,,
0008-1256,California Management Review; CALIFORNIA MANAGEMENT REVIEW,California Management Review,,,2,2,2,2
0825-0383,"Canadian Journal of Administrative Sciences - 
Revue Canadienne des Sciences Administratives; Canadian Journal of Administrative 
Sciences - Revue Canadienne des 
Sciences Administratives; Canadian Journal of Administrative 
Sciences - Revue Canadienne des 
Sciences de l'Administration; CANADIAN JOURNAL OF ADMINISTRATIVE SCIENCES / REVUE CANADIENNE DES SCIENCES DE L'ADMINISTRATION; REVUE CANADIENNE DES SCIENCES DE L'ADMINISTRATION (CJAS)",Canadian Journal of Administrative Sciences - Revue Canadienne des Sciences de l'Administration,3,3,3,3,3,2
1362-0436,Career Development International; CAREER DEVELOPMENT INTERNATIONAL,Career Development International,,4,4,4,4,4
1779-3572,Communication et Management; COMMUNICATION ET MANAGEMENT,Communication et Management,,,,4,4,4
1529-3181,"Communication of the AIS; Communications of the Association 
for Information Systems; COMMUNICATIONS OF THE ASSOCIATION FOR INFORMATION SYSTEMS",Communications of the Association for Information Systems,4,4,4,4,4,3
1024-5294,Competition and Change; COMPETITION AND CHANGE,Competition and Change,3,3,3,3,3,3
0360-8352,"Computers Industrial Engineering; Computers and Industrial 
Engineering; Computers & Industrial Engineering; COMPUTERS & INDUSTRIAL ENGINEERING",Computers & Industrial Engineering,3,3,3,3,3,3
1025-3866,"Consumption, Markets & Culture; Consumption Markets & Culture; CONSUMPTION, MARKETS AND CULTURE",Consumption Markets & Culture,4,4,4,3,3,3
8239150,Contemporary Accounting Research; Contemporary Accounting Research; CONTEMPORARY ACCOUNTING RESEARCH,Contemporary Accounting Research,1,1,1,1,1,
0964-8410,"Corporate Governance : An International review; Corporate Governance : 
An International review; Corporate Governance: 
An International Review; CORPORATE GOVERNANCE: AN INTERNATIONAL REVIEW",Corporate Governance: An International Review,3,3,3,3,3,3
1535-3966,"Corporate Social Responsibility and 
Environmental Management; Corporate Social Responsibility 
and Environmental Management; CORPORATE SOCIAL RESPONSIBILITY AND ENVIRONMENTAL MANAGEMENT",Corporate Social Responsibility and Environmental Management,,,3,3,3,
1040-0419,Creativity Research Journal; CREATIVITY RESEARCH JOURNAL,Creativity Research Journal,,,,4,4,4
0963-1690,"Creativity and Innovation Management; Creativity and Innovation 
Management; CREATIVITY AND INNOVATION MANAGEMENT",Creativity and Innovation Management,4,4,3,3,3,3
1045-2354,Critical Perspectives on Accounting; CRITICAL PERSPECTIVES ON ACCOUNTING,Critical Perspectives on Accounting,3,3,3,2,2,2
1742-2043,"Critical Perspectives on International Business; Critical Perspectives on International 
Business; Critical Perspectives on 
International Business; CRITICAL PERSPECTIVES ON INTERNATIONAL BUSINESS",Critical Perspectives on International Business,4,4,4,4,4,3
2059-5794,"Cross Cultural & Strategic 
Management; CROSS-CULTURAL MANAGEMENT: AN INTERNATIONAL JOURNAL (Formely: Cross Cultural & Strategic Management)",Cross Cultural & Strategic Management,,,,4,4,3
1475-9551,Culture and Organization; CULTURE AND ORGANIZATION,Culture and Organization,4,4,4,4,4,3
1368-3500,Current Issues in Tourism; CURRENT ISSUES IN TOURISM,Current Issues in Tourism,,,,3,3,3
1532-0936,"Database for Advances in Information Systems; Database for Advances
in Information Systems; Data Base for Advances in 
Information Systems; Data Base for Advances 
in Information Systems; DATABASE FOR ADVANCES IN INFORMATION SYSTEMS",Data Base for Advances in Information Systems,3,3,3,4,4,3
0011-7315,Decision Sciences; DECISION SCIENCES,Decision Sciences,,,,2,2,2
0167-9236,Decision Support Systems; DECISION SUPPORT SYSTEMS,Decision Support Systems,2,2,1,1,2,2
0779-7389,Décisions Marketing; DECISIONS MARKETING,Décisions Marketing,3,3,3,3,3,3
0143-831X,Economic and Industrial Democracy; ECONOMIC AND INDUSTRIAL DEMOCRACY,Economic and Industrial Democracy,,,,3,3,3
1043-8599,"Economics of Innovation and New Technology; Economics of Innovation and New 
Technology; Economics of Innovation 
and New Technology; ECONOMICS OF INNOVATION AND NEW TECHNOLOGY",Economics of Innovation and New Technology,2,2,3,4,4,3
1567-4223,"Electronic Commerce Research and Applications; Electronic Commerce Research and 
Applications; Electronic Commerce Research 
and Applications; ELECTRONIC COMMERCE RESEARCH AND APPLICATIONS",Electronic Commerce Research and Applications,4,4,3,3,4,4
1019-6781,Electronic Markets; ELECTRONIC MARKETS,Electronic Markets,3,3,3,3,3,3
1566-0141,Emerging Markets Review; EMERGING MARKETS REVIEW,Emerging Markets Review,,,,3,3,3
0142-5455,Employee Relations; EMPLOYEE RELATIONS,Employee Relations,4,4,3,3,3,3
1467-2227,Enterprise and Society; Enterprise & Society; ENTERPRISE & SOCIETY,Enterprise & Society,3,3,3,3,3,3
2034-7634,Entreprendre et Innover; Entreprendre & Innover; ENTREPRENDRE & INNOVER,Entreprendre & Innover,,,4,4,4,4
2157-5665,Entrepreneurship Research Journal; ENTREPRENEURSHIP RESEARCH JOURNAL,Entrepreneurship Research Journal,,,,4,4,3
0898-5626,"Entrepreneurship and Regional Development; Entrepreneurship and Regional 
Development; Entrepreneurship 
and Regional Development; ENTREPRENEURSHIP AND REGIONAL DEVELOPMENT",Entrepreneurship and Regional Development,3,3,3,2,2,2
1042-2587,"Entrepreneurship: Theory and Practice; Entrepreneurship: 
Theory and Practice; ENTREPRENEURSHIP THEORY AND PRACTICE",Entrepreneurship: Theory and Practice,1,1,1,1,1,1*
1161-2770,Entreprise et Histoire; Entreprises et Histoire; ENTREPRISES ET HISTOIRE,Entreprises et Histoire,4,4,4,4,3,4
0966-8136,Europe-Asia Studies; EUROPE-ASIA STUDIES,Europe-Asia Studies,,4,4,4,4,4
0963-8180,European Accounting Review; EUROPEAN ACCOUNTING REVIEW,European Accounting Review,2,2,2,2,2,2
0955-534X,European Business Review; EUROPEAN BUSINESS REVIEW,European Business Review,3,3,3,3,3,3
1354-7798,European Financial Management; EUROPEAN FINANCIAL MANAGEMENT,European Financial Management,3,3,3,3,3,3
0959-6801,"European Journal of Industrial Relations; European Journal of Industrial 
Relations; EUROPEAN JOURNAL OF INDUSTRIAL RELATIONS",European Journal of Industrial Relations,3,3,3,3,3,3
0960-085X,"European Journal of Information Systems; European Journal of Information 
Systems; EUROPEAN JOURNAL OF INFORMATION SYSTEMS",European Journal of Information Systems,1,1,1,1,1,1*
1460-1060,"European Journal of Innovation Management; European Journal of Innovation 
Management; EUROPEAN JOURNAL OF INNOVATION MANAGEMENT",European Journal of Innovation Management,4,4,4,4,4,3
1751-6757,"European Journal of International 
Management; EUROPEAN JOURNAL OF INTERNATIONAL MANAGEMENT",European Journal of International Management,,,,4,4,4
0309-0566,European Journal of Marketing; EUROPEAN JOURNAL OF MARKETING,European Journal of Marketing,3,3,3,3,2,2
0377-2217,"European Journal of Operational 
Research; EUROPEAN JOURNAL OF OPERATIONAL RESEARCH",European Journal of Operational Research,,,1,1,1,1
1101-1262,European Journal of Public Health; EUROPEAN JOURNAL OF PUBLIC HEALTH,European Journal of Public Health,3,3,3,3,3,4
1359-432X,"European Journal of Work & Organizational 
Psychology; European Journal of Work & 
Organizational Psychology; European Journal of Work and 
Organizational Psychology; EUROPEAN JOURNAL OF WORK & ORGANIZATIONAL PSYCHOLOGY",European Journal of Work & Organizational Psychology,4,3,3,3,3,3
0967-2567,"European Journal of The History of Economic 
Thought; European Journal of The History of 
Economic Thought; European Journal of the History of 
Economic Thought; European Journal of the History 
of Economic Thought; EUROPEAN JOURNAL OF THE HISTORY OF ECONOMIC THOUGHT",European Journal of the History of Economic Thought,2,3,3,3,3,3
0263-2373,European Management Journal; EUROPEAN MANAGEMENT JOURNAL,European Management Journal,3,3,3,3,3,3
1740-4754,European Management Review; EUROPEAN MANAGEMENT REVIEW,European Management Review,2,2,2,2,2,2
1356-3890,"Evaluation; Evaluation: The international journal 
of theory, research and practice; Evaluation: The International Journal 
of Theory, Research and Practice; Evaluation: The International Journal of Theory, Research and Practice","Evaluation: The International Journal of Theory, Research and Practice",3,3,3,3,3,3
0957-4174,Expert Systems with Applications; EXPERT SYSTEMS WITH APPLICATIONS,Expert Systems with Applications,,3,3,3,3,3
0894-4865,Family Business Review; FAMILY BUSINESS REVIEW,Family Business Review,2,2,2,2,2,2
0752-6180,Finance; FINANCE,Finance,2,2,2,2,2,2
1287-1141,Finance Contrôle Stratégie; FINANCE CONTRÔLE STRATEGIE,Finance Contrôle Stratégie,3,3,3,3,3,3
1544-6123,Finance Research Letters; FINANCE RESEARCH LETTERS,Finance Research Letters,3,3,3,3,3,3
0949-2984,Finance & Stochastics; Finance and Stochastics; FINANCE AND STOCHASTICS FINANCE BULLETIN,Finance and Stochastics,3,3,2,2,2,2
0267-4424,"Financial Accountability and Management; Financial Accountability and 
Management; FINANCIAL ACCOUNTABILITY AND MANAGEMENT",Financial Accountability and Management,2,2,3,3,3,4
0015-198X,Financial Analysts Journal; FINANCIAL ANALYSTS JOURNAL,Financial Analysts Journal,3,3,2,2,2,2
0968-5650,Financial History Review; FINANCIAL HISTORY REVIEW,Financial History Review,3,3,3,4,4,4
0046-3892,Financial Management; FINANCIAL MANAGEMENT,Financial Management,2,2,2,2,2,2
1555-4961,"Financial Markets and Portfolio 
Management; Financial Markets and Portfolio Management; Financial Markets 
and Portfolio Management; FINANCIAL MARKETS AND PORTFOLIO MANAGEMENT",Financial Markets and Portfolio Management,,4,4,4,4,4
0963-8008,"Financial Markets, Institutions & Instruments; Financial Markets, Institutions & 
Instruments; Financial Markets, Institutions 
& Instruments; FINANCIAL MARKETS, INSTITUTIONS AND INSTRUMENTS","Financial Markets, Institutions & Instruments",3,3,3,3,3,3
0732-8516,Financial Review; FINANCIAL REVIEW,Financial Review,4,4,3,3,3,3
0016-3287,Futures; FUTURES,Futures,3,3,3,3,3,3
0968-6673,"Gender, Work and Organization; GENDER, WORK AND ORGANIZATION","Gender, Work and Organization",4,3,3,3,2,2
1018-5895,"Geneva Papers on Risk and Insurance: Issues and 
Practices; Geneva Papers on Risk and 
Insurance: Issues and Practices; Geneva Papers on Risk and 
Insurance - Issues and Practice; GENEVA PAPERS ON RISK AND INSURANCE: ISSUES AND PRACTICE",Geneva Papers on Risk and Insurance - Issues and Practice,3,4,4,3,3,3
0701-0028,"Gestion - Revue Internationale de Gestion; Gestion - Revue Internationale de 
Gestion; Gestion - Revue Internationale 
de Gestion",Gestion - Revue Internationale de Gestion,4,4,4,4,,
0773-0543,Gestion 2000; GESTION 2000 GESTION ET MANAGEMENT PUBLIC; MANAGEMENT & PROSPECTIVE (GESTION 2000),Gestion 2000,,4,4,4,3,3
2116-8865,Gestion et Management Public,Gestion et Management Public,,4,3,3,,
1044-0283,Global Finance Journal; GLOBAL FINANCE JOURNAL,Global Finance Journal,4,4,4,4,4,4
2042-5791,Global Strategy Journal; GLOBAL STRATEGY JOURNAL,Global Strategy Journal,,,3,3,2,1
0952-1895,Governance; GOVERNANCE,Governance,3,3,3,3,3,2
0926-2644,Group Decision and Negotiation; GROUP DECISION AND NEGOTIATION,Group Decision and Negotiation,,3,3,3,3,3
1089-2699,"Group Dynamics: Theory, Research and Practice; Group Dynamics: Theory, Research 
and Practice; GROUP DYNAMICS: THEORY, RESEARCH AND PRACTICE","Group Dynamics: Theory, Research and Practice",3,3,3,3,3,3
1368-4302,"Group Processes and Intergroup Relations; Group Processes and Intergroup 
Relations; GROUP PROCESSES AND INTERGROUP RELATIONS",Group Processes and Intergroup Relations,3,3,3,3,3,3
1059-6011,Group and Organization Management; GROUP AND ORGANIZATION MANAGEMENT,Group and Organization Management,3,3,2,2,2,2
0017-8012,Harvard Business Review; HARVARD BUSINESS REVIEW,Harvard Business Review,,,2,2,2,2
0278-2715,Health Affairs; HEALTH AFFAIRS,Health Affairs,,1,1,1,1,2
0361-6274,Health Care Management Review; HEALTH CARE MANAGEMENT REVIEW,Health Care Management Review,3,3,3,3,3,3
1386-9620,Health Care Management Science; HEALTH CARE MANAGEMENT SCIENCE,Health Care Management Science,4,4,3,3,3,3
0168-8510,Health Policy; HEALTH POLICY,Health Policy,2,2,2,2,2,2
0268-1080,Health Policy and Planning; HEALTH POLICY AND PLANNING,Health Policy and Planning,4,2,3,3,4,4
0951-4848,"Health Services Management Research; Health Services Management 
Research; HEALTH SERVICES MANAGEMENT RESEARCH",Health Services Management Research,4,4,4,4,4,4
0017-9124,Health Services Research; HEALTH SERVICES RESEARCH,Health Services Research,2,3,2,2,2,2
0895-9285,Human Performance; HUMAN PERFORMANCE,Human Performance,,3,3,3,3,3
0018-7267,Human Relations; HUMAN RELATIONS,Human Relations,2,2,1,1,1,1
1534-4843,"Human Resource Development 
Review; HUMAN RESOURCE DEVELOPMENT REVIEW",Human Resource Development Review,,,,4,4,4
0090-4848,Human Resource Management; HUMAN RESOURCE MANAGEMENT,Human Resource Management,2,2,1,1,1,1
0954-5395,"Human Resource Management Journal; Human Resource Management 
Journal; HUMAN RESOURCE MANAGEMENT JOURNAL",Human Resource Management Journal,3,3,2,2,2,1
1053-4822,"Human Resource Management Review; Human Resource Management 
Review; HUMAN RESOURCE MANAGEMENT REVIEW",Human Resource Management Review,3,3,2,2,2,2
0018-9391,"IEEE Transactions on Engineering Management; IEEE Transactions on Engineering 
Management; IEEE TRANSACTIONS ON ENGINEERING MANAGEMENT",IEEE Transactions on Engineering Management,2,2,2,2,2,2
2168-2291,"IEEE Transactions on Human-
Machine Systems; IEEE TRANSACTION ON HUMAN-MACHINE SYSTEMS (formerly ""IEEE Transactions on Systems Man and Cybernetics Part C (Applications and",IEEE Transactions on Human-Machine Systems,,,,3,3,
1041-4347,"IEEE Transactions on Knowledge and Data 
Engineering; IEEE Transactions on Knowledge and 
Data Engineering; IEEE Transactions on Knowledge 
and Data Engineering; IEEE TRANSACTIONS ON KNOWLEDGE AND DATA ENGINEERING",IEEE Transactions on Knowledge and Data Engineering,2,2,2,3,4,3
0098-5589,"IEEE Transactions on Software Engineering; IEEE Transactions on Software 
Engineering; IEEE TRANSACTIONS ON SOFTWARE ENGINEERING",IEEE Transactions on Software Engineering,2,2,2,3,3,3
2168-2216,"IEEE Transactions on Systems, Man, 
and Cybernetics: Systems; IEEE TRANSACTION ON SYSTEMS, MAN AND CYBERNETICS: SYSTEMS (formerly ""IEEE Transactions on Systems, Man and Cybernetics - Part A:; IEEE TRANSACTION ON SYSTEMS, MAN AND CYBERNETICS: SYSTEMS (FORMERLY ""IEEE TRANSACTIONS ON SYSTEMS, MAN AND CYBERNETICS - PART A: SYSTEMS AND HUMANS"")","IEEE Transactions on Systems, Man, and Cybernetics: Systems",,,,3,3,2
2168-2216,"IEEE Transactions on Systems, Man, 
and Cybernetics: Systems; IEEE TRANSACTION ON SYSTEMS, MAN AND CYBERNETICS: SYSTEMS (formerly ""IEEE Transactions on Systems, Man and Cybernetics - Part A:; IEEE TRANSACTION ON SYSTEMS, MAN AND CYBERNETICS: SYSTEMS (FORMERLY ""IEEE TRANSACTIONS ON SYSTEMS, MAN AND CYBERNETICS - PART A: SYSTEMS AND HUMANS""); IEEE TRANSACTIONS ON SYSTEMS, MAN, AND CYBERNETICS: SYSTEMS","IEEE Transactions on Systems, Man, and Cybernetics: Systems",,,,3,3,3
2168-2216,"IEEE Transactions on Systems, Man, 
and Cybernetics: Systems; IEEE TRANSACTION ON SYSTEMS, MAN AND CYBERNETICS: SYSTEMS (formerly ""IEEE Transactions on Systems, Man and Cybernetics - Part A:; IEEE TRANSACTIONS ON SYSTEMS, MAN, AND CYBERNETICS: SYSTEMS; IEEE TRANSACTION ON SYSTEMS, MAN AND CYBERNETICS: SYSTEMS (FORMERLY ""IEEE TRANSACTIONS ON SYSTEMS, MAN AND CYBERNETICS - PART A: SYSTEMS AND HUMANS"")","IEEE Transactions on Systems, Man, and Cybernetics: Systems",,,,3,3,2
2168-2216,"IEEE Transactions on Systems, Man, 
and Cybernetics: Systems; IEEE TRANSACTION ON SYSTEMS, MAN AND CYBERNETICS: SYSTEMS (formerly ""IEEE Transactions on Systems, Man and Cybernetics - Part A:; IEEE TRANSACTIONS ON SYSTEMS, MAN, AND CYBERNETICS: SYSTEMS","IEEE Transactions on Systems, Man, and Cybernetics: Systems",,,,3,3,3
1748-5908,Implementation Science; IMPLEMENTATION SCIENCE,Implementation Science,,2,2,3,4,4
0263-5577,"Industrial Management and Data Systems; Industrial Management and Data 
Systems; INDUSTRIAL MANAGEMENT AND DATA SYSTEMS",Industrial Management and Data Systems,4,4,4,3,3,3
0019-8501,Industrial Marketing Management; INDUSTRIAL MARKETING MANAGEMENT,Industrial Marketing Management,2,2,2,2,2,2
0019-8676,Industrial Relations; INDUSTRIAL RELATIONS: A JOURNAL OF ECONOMY AND SOCIETY,Industrial Relations,1,1,2,2,1,1
0960-6491,Industrial and Corporate Change; INDUSTRIAL AND CORPORATE CHANGE,Industrial and Corporate Change,,,,2,2,2
1754-9426,"Industrial and Organizational 
Psychology: Perspectives on Science 
and Practice; INDUSTRIAL AND ORGANIZATIONAL PSYCHOLOGY - PERSPECTIVES ON SCIENCE AND PRACTICE",Industrial and Organizational Psychology: Perspectives on Science and Practice,,,,2,3,4
1366-2716,Industry and Innovation; INDUSTRY AND INNOVATION,Industry and Innovation,3,3,3,3,3,3
1387-3326,Information Systems Frontiers; INFORMATION SYSTEMS FRONTIERS,Information Systems Frontiers,,4,3,3,3,2
1350-1917,Information Systems Journal; INFORMATION SYSTEMS JOURNAL,Information Systems Journal,2,2,2,1,1,1
1047-7047,Information Systems Research; INFORMATION SYSTEMS RESEARCH,Information Systems Research,1,1,1,1,1*,1*
0959-3845,Information Technology and People; INFORMATION TECHNOLOGY AND PEOPLE,Information Technology and People,3,3,3,3,3,2
0378-7206,Information and Management; INFORMATION AND MANAGEMENT,Information and Management,2,2,2,1,2,1
1471-7727,Information and Organization; INFORMATION AND ORGANIZATION,Information and Organization,2,2,2,2,2,2
0167-6687,"Insurance, Mathematics & Economics; Insurance: Mathematics and Economics; Insurance: Mathematics and 
Economics; INSURANCE: MATHEMATICS AND ECONOMICS",Insurance: Mathematics and Economics,3,3,2,3,3,3
0969-5931,International Business Review; INTERNATIONAL BUSINESS REVIEW,International Business Review,3,2,2,2,2,2
1554-7191,"International Entrepreneurship and 
Management Journal; INTERNATIONAL ENTREPRENEURSHIP AND MANAGEMENT JOURNAL",International Entrepreneurship and Management Journal,4,4,4,3,4,3
1353-4505,"International Journal of Quality in Health Care; International Journal of Quality in 
Health Care; International Journal for Quality 
in Health Care",International Journal for Quality in Health Care,4,3,,4,,
0265-0487,International Journal of Advertising; INTERNATIONAL JOURNAL OF ADVERTISING,International Journal of Advertising,3,3,3,3,3,3
1480-8986,"International Journal of Arts Management; International Journal of Arts 
Management; INTERNATIONAL JOURNAL OF ARTS MANAGEMENT",International Journal of Arts Management,4,4,4,4,4,4
1090-6738,International Journal of Auditing; INTERNATIONAL JOURNAL OF AUDITING,International Journal of Auditing,3,3,3,3,3,3
0265-2323,"International Journal of Bank Marketing; International Journal of Bank 
Marketing; INTERNATIONAL JOURNAL OF BANK MARKETING",International Journal of Bank Marketing,4,4,4,4,4,4
1470-5958,"International Journal of Cross Cultural 
Management; International Journal of Cross 
Cultural Management; INTERNATIONAL JOURNAL OF CROSS CULTURAL MANAGEMENT",International Journal of Cross Cultural Management,4,4,4,4,4,4
1086-4415,"International Journal of Electronic Commerce; International Journal of Electronic 
Commerce; INTERNATIONAL JOURNAL OF ELECTRONIC COMMERCE",International Journal of Electronic Commerce,2,2,2,2,2,2
1355-2554,"International Journal of Entrepreneurial 
Behaviour and Research; International Journal of 
Entrepreneurial Behaviour 
and Research; International Journal of Entrepreneu-
rial Behaviour and Research; INTERNATIONAL JOURNAL OF ENTREPRENEURIAL BEHAVIOUR AND RESEARCH",International Journal of Entrepreneurial Behaviour and Research,4,4,4,3,3,3
1465-7503,"International Journal of Entrepreneurship and 
Innovation; International Journal of 
Entrepreneurship and Innovation; INTERNATIONAL JOURNAL OF ENTREPRENEURSHIP AND INNOVATION",International Journal of Entrepreneurship and Innovation,4,4,4,4,4,4
1368-275X,"International Journal of Entrepreneurship and 
Innovation Management (IJEIM); International Journal of 
Entrepreneurship and Innovation 
Management (IJEIM); International Journal of Entrepreneur-
ship and Innovation Management; International Journal of 
Entrepreneurship and 
Innovation Management; INTERNATIONAL JOURNAL OF ENTREPRENEURSHIP AND INNOVATION MANAGEMENT",International Journal of Entrepreneurship and Innovation Management,4,4,4,4,4,4
1476-1297,"International Entrepreneurship Journal and Small 
Business; International Journal of 
Entrepreneurship and Small Business; INTERNATIONAL JOURNAL OF ENTREPRENEURSHIP AND SMALL BUSINESS",International Journal of Entrepreneurship and Small Business,4,4,4,4,4,4
0169-2070,International Journal of Forecasting; INTERNATIONAL JOURNAL OF FORECASTING,International Journal of Forecasting,,,3,3,3,3
1389-6563,"International Journal of Health Care, Finance and 
Economics; International Journal of Health Care, 
Finance and Economics; International Journal of Health 
Economics and Management; International Journal of Health 
Economics and Management; INTERNATIONAL JOURNAL OF HEALTH ECONOMICS AND MANAGEMENT",International Journal of Health Economics and Management,2,4,4,4,4,
0749-6753,"International Journal of Health 
Planning and Management; INTERNATIONAL JOURNAL OF HEALTH PLANNING AND MANAGEMENT",International Journal of Health Planning and Management,,4,4,4,4,4
0294-0736,"International Journal of Health Planning and 
Management; Journal de Gestion et d'Economie 
Médicale; Journal de Gestion et d'Economie 
Médicales",International Journal of Health Planning and Management; Journal de Gestion et d'Economie Médicales,4,4,4,4,,
0278-4319,"International Journal of Hospitality 
Management; INTERNATIONAL JOURNAL OF HOSPITALITY MANAGEMENT",International Journal of Hospitality Management,,,,3,3,3
1071-5819,"International Journal of Human Computer 
Studies; International Journal of Human 
Computer Studies; INTERNATIONAL JOURNAL OF HUMAN COMPUTER STUDIES",International Journal of Human Computer Studies,3,3,3,3,4,3
0958-5192,"International Journal of Human Resource 
Management; International Journal of Human 
Resource Management; INTERNATIONAL JOURNAL OF HUMAN RESOURCE MANAGEMENT",International Journal of Human Resource Management,3,3,3,2,2,2
0268-4012,"International Journal of Information 
Management; INTERNATIONAL JOURNAL OF INFORMATION MANAGEMENT",International Journal of Information Management,3,3,3,2,3,2
1363-9196,"International Journal of Innovation Management; International Journal of Innovation 
Management; INTERNATIONAL JOURNAL OF INNOVATION MANAGEMENT",International Journal of Innovation Management,4,4,4,4,4,4
1367-5567,"International Journal of Logistics: Research and 
Applications; International Journal of Logistics: 
Research and Applications; International Journal of Logistics 
Research and Applications; INTERNATIONAL JOURNAL OF LOGISTICS: RESEARCH AND APPLICATIONS",International Journal of Logistics Research and Applications,3,3,3,3,3,3
1460-8545,"International Journal of Management Reviews; International Journal of Management 
Reviews; INTERNATIONAL JOURNAL OF MANAGEMENT REVIEWS",International Journal of Management Reviews,2,2,2,2,2,2
0143-7720,International Journal of Manpower; INTERNATIONAL JOURNAL OF MANPOWER,International Journal of Manpower,,,,4,3,3
1368-2148,"International Journal of Manufacturing 
Technology and Management; International Journal of 
Manufacturing Technology 
and Management; International Journal of Manufactu-
ring Technology and Management; INTERNATIONAL JOURNAL OF MANUFACTURING TECHNOLOGY AND MANAGEMENT",International Journal of Manufacturing Technology and Management,3,3,3,4,4,4
1470-7853,"International Journal of Market Research; International Journal of Market 
Research; INTERNATIONAL JOURNAL OF MARKET RESEARCH",International Journal of Market Research,3,3,3,3,3,3
0144-3577,"International Journal of Operations and 
Production Management; International Journal of Operations 
and Production Management; INTERNATIONAL JOURNAL OF OPERATIONS AND PRODUCTION MANAGEMENT",International Journal of Operations and Production Management,2,2,2,2,1,1
0960-0035,"International Journal of Physical Distribution and 
Logistics Management; International Journal of Physical 
Distribution and Logistics 
Management; International Journal of Physical Dis-
tribution and Logistics Management; International Journal of Physical 
Distribution and Logistics Management; INTERNATIONAL JOURNAL OF PHYSICAL DISTRIBUTION AND LOGISTICS MANAGEMENT",International Journal of Physical Distribution and Logistics Management,3,3,2,2,2,2
0925-5273,"International Journal of Production Economics; International Journal of Production 
Economics; INTERNATIONAL JOURNAL OF PRODUCTION ECONOMICS",International Journal of Production Economics,1,1,1,1,1,2
0020-7543,"International Journal of Production Research; International Journal of Production 
Research; INTERNATIONAL JOURNAL OF PRODUCTION RESEARCH",International Journal of Production Research,2,2,2,2,2,2
0263-7863,"International Journal of Project Management; International Journal of Project 
Management; INTERNATIONAL JOURNAL OF PROJECT MANAGEMENT",International Journal of Project Management,3,3,2,2,2,2
0190-0692,"International Journal of Public Administration; International Journal of Public 
Administration; INTERNATIONAL JOURNAL OF PUBLIC ADMINISTRATION",International Journal of Public Administration,3,3,3,3,3,3
0951-3558,"International Journal of Public Sector 
Management; International Journal of Public 
Sector Management; INTERNATIONAL JOURNAL OF PUBLIC SECTOR MANAGEMENT",International Journal of Public Sector Management,3,3,3,4,4,4
0265-671X,"International Journal of Quality and Reliability 
Management; International Journal of Quality and 
Reliability Management; INTERNATIONAL JOURNAL OF QUALITY AND RELIABILITY MANAGEMENT",International Journal of Quality and Reliability Management,3,3,3,3,3,4
0167-8116,"International Journal of Research in Marketing; International Journal of Research in 
Marketing; INTERNATIONAL JOURNAL OF RESEARCH IN MARKETING",International Journal of Research in Marketing,1,1,1,1,1,1
0959-0552,"International Journal of Retail and Distribution 
Management; International Journal of Retail and 
Distribution Management; International Journal of Retail 
and Distribution Management; INTERNATIONAL JOURNAL OF RETAIL AND DISTRIBUTION MANAGEMENT",International Journal of Retail and Distribution Management,3,3,3,3,3,3
0965-075X,"International Journal of Selection and 
Assessment; International Journal of Selection 
and Assessment; INTERNATIONAL JOURNAL OF SELECTION AND ASSESSMENT",International Journal of Selection and Assessment,,3,3,4,4,3
0266-4623,"The International Journal of Technology 
Assessment in Health; The International Journal of 
Technology Assessment in 
Health Care; International Journal of Technology 
Assessment in Health Care; INTERNATIONAL JOURNAL OF TECHNOLOGY ASSESSMENT IN HEALTH CARE",International Journal of Technology Assessment in Health Care,3,3,4,4,4,4
0267-5730,"International Journal of Technology 
Management; INTERNATIONAL JOURNAL OF TECHNOLOGY MANAGEMENT",International Journal of Technology Management,3,3,3,3,3,3
0219-0249,"International Journal of Theoretical and Applied 
Finance; International Journal of Theoretical 
and Applied Finance; INTERNATIONAL JOURNAL OF THEORETICAL AND APPLIED FINANCE",International Journal of Theoretical and Applied Finance,3,3,3,3,3,4
0303-5247,"International Journal of Transport 
Economics; International Journal of Transport 
Economics; INTERNATIONAL JOURNAL OF TRANSPORT ECONOMICS",International Journal of Transport Economics,,,4,4,4,
0020-7780,International Labour Review; INTERNATIONAL LABOUR REVIEW,International Labour Review,3,3,3,3,3,3
0265-1335,International Marketing Review; INTERNATIONAL MARKETING REVIEW,International Marketing Review,3,2,2,2,2,2
1096-7494,"International Public Management 
Journal; INTERNATIONAL PUBLIC MANAGEMENT JOURNAL",International Public Management Journal,,,,4,4,4
0020-8523,"International Review of Administrative Sciences; International Review of 
Administrative Sciences; INTERNATIONAL REVIEW OF ADMINISTRATIVE SCIENCES",International Review of Administrative Sciences,3,3,3,3,3,3
1059-0560,"International Review of Economics 
& Finance; INTERNATIONAL REVIEW OF ECONOMICS AND FINANCE",International Review of Economics & Finance,,,,4,4,3
1057-5219,"International Review of Financial Analysis; International Review of Financial 
Analysis; INTERNATIONAL REVIEW OF FINANCIAL ANALYSIS",International Review of Financial Analysis,3,3,3,3,3,3
1229-4659,"International Review of Public Administration; International Review of Public 
Administration; INTERNATIONAL REVIEW OF PUBLIC ADMINISTRATION",International Review of Public Administration,4,4,4,4,4,4
0266-2426,International Small Business Journal; INTERNATIONAL SMALL BUSINESS JOURNAL,International Small Business Journal,2,2,2,2,2,2
0020-8825,"International Studies of Management and 
Organization; International Studies of Management 
and Organization; INTERNATIONAL STUDIES OF MANAGEMENT AND ORGANIZATION",International Studies of Management and Organization,3,3,3,3,3,3
0737-4607,Journal of Accounting Literature; JOURNAL OF ACCOUNTING LITERATURE,Journal of Accounting Literature,3,3,3,3,3,3
0021-8456,Journal of Accounting Research; JOURNAL OF ACCOUNTING RESEARCH,Journal of Accounting Research,1,1,1,1,1*,1*
0165-4101,Journal of Accounting and Economics; JOURNAL OF ACCOUNTING AND ECONOMICS,Journal of Accounting and Economics,1,1,1,1,1*,1*
1832-5912,"Journal of Accounting and 
Organizational Change; JOURNAL OF ACCOUNTING AND ORGANIZATIONAL CHANGE",Journal of Accounting and Organizational Change,,,4,4,4,4
0278-4254,"Journal of Accounting and Public Policy; Journal of Accounting and Public 
Policy; JOURNAL OF ACCOUNTING AND PUBLIC POLICY",Journal of Accounting and Public Policy,2,2,2,2,2,2
0148-558X,"Journal of Accounting Auditing and Finance; Journal of Accounting Auditing and 
Finance; Journal of Accounting, Auditing and 
Finance; Journal of Accounting, Auditing 
and Finance; JOURNAL OF ACCOUNTING, AUDITING AND FINANCE","Journal of Accounting, Auditing and Finance",3,3,3,3,3,3
0091-3367,Journal of Advertising; JOURNAL OF ADVERTISING,Journal of Advertising,2,2,2,2,2,2
0021-8499,Journal of Advertising Research; JOURNAL OF ADVERTISING RESEARCH,Journal of Advertising Research,3,3,2,2,2,2
1520-3255,Journal of Alternative Investments; JOURNAL OF ALTERNATIVE INVESTMENTS,Journal of Alternative Investments,,4,4,4,4,4
0967-5426,"Journal of Applied Accounting Research; Journal of Applied Accounting 
Research; JOURNAL OF APPLIED ACCOUNTING RESEARCH",Journal of Applied Accounting Research,3,3,3,3,3,3
0021-9010,Journal of Applied Psychology; JOURNAL OF APPLIED PSYCHOLOGY,Journal of Applied Psychology,,1,1,1,1*,1*
0021-9029,Journal of Applied Social Psychology; JOURNAL OF APPLIED SOCIAL PSYCHOLOGY,Journal of Applied Social Psychology,,,,3,4,4
1470-8272,Journal of Asset Management; JOURNAL OF ASSET MANAGEMENT,Journal of Asset Management,4,4,4,4,4,4
0378-4266,Journal of Banking and Finance; JOURNAL OF BANKING AND FINANCE,Journal of Banking and Finance,1,1,1,1,1,1
1542-7560,Journal of Behavioral Finance; JOURNAL OF BEHAVIORAL FINANCE,Journal of Behavioral Finance,,4,4,4,4,4
1350-231X,Journal of Brand Management; JOURNAL OF BRAND MANAGEMENT,Journal of Brand Management,4,4,4,3,3,3
0885-8624,"Journal of Business & Industrial Marketing; Journal of Business & Industrial 
Marketing; JOURNAL OF BUSINESS & INDUSTRIAL MARKETING",Journal of Business & Industrial Marketing,3,3,3,3,3,3
0167-4544,Journal of Business Ethics; JOURNAL OF BUSINESS ETHICS,Journal of Business Ethics,2,2,2,1,1,1
0306-686X,"Journal of Business Finance and Accounting; Journal of Business Finance and 
Accounting; JOURNAL OF BUSINESS FINANCE AND ACCOUNTING",Journal of Business Finance and Accounting,2,2,2,2,2,2
0735-3766,Journal of Business Logistics; JOURNAL OF BUSINESS LOGISTICS,Journal of Business Logistics,3,2,2,2,2,2
0148-2963,Journal of Business Research; JOURNAL OF BUSINESS RESEARCH,Journal of Business Research,2,2,2,2,2,2
0275-6668,Journal of Business Strategy; JOURNAL OF BUSINESS STRATEGY,Journal of Business Strategy,3,3,3,4,4,4
0883-9026,Journal of Business Venturing; JOURNAL OF BUSINESS VENTURING,Journal of Business Venturing,1,1,1*,1*,1*,1*
0889-3268,Journal of Business and Psychology; JOURNAL OF BUSINESS AND PSYCHOLOGY,Journal of Business and Psychology,,,,3,3,3
1051-712X,"Journal of Business-to-Business Marketing; Journal of Business-to-Business 
Marketing; JOURNAL OF BUSINESS TO BUSINESS MARKETING",Journal of Business-to-Business Marketing,4,4,4,4,4,4
1069-0727,Journal of Career Assessment; JOURNAL OF CAREER ASSESSMENT,Journal of Career Assessment,,,3,3,3,3
1469-7017,Journal of Change Management; JOURNAL OF CHANGE MANAGEMENT,Journal of Change Management,4,4,4,4,4,4
0959-6526,Journal of Cleaner Production; JOURNAL OF CLEANER PRODUCTION,Journal of Cleaner Production,,,,3,2,3
1083-6101,"Journal of Computer Mediated 
Communication; Journal of Computer-Mediated 
Communication; JOURNAL OF COMPUTER MEDIATED COMMUNICATION",Journal of Computer-Mediated Communication,,3,2,2,2,2
1745-6606,Journal of Consumer Affairs; Journal of Consumer Affairs; JOURNAL OF CONSUMER AFFAIRS,Journal of Consumer Affairs,3,4,3,3,3,
0736-3761,Journal of Consumer Marketing; JOURNAL OF CONSUMER MARKETING,Journal of Consumer Marketing,4,4,4,4,4,4
1057-7408,Journal of Consumer Psychology; JOURNAL OF CONSUMER PSYCHOLOGY,Journal of Consumer Psychology,1,1,1,1,1,1
0093-5301,Journal of Consumer Research; JOURNAL OF CONSUMER RESEARCH,Journal of Consumer Research,1,1,1,1,1*,1*
0929-1199,"Journal of Corporate Finance: Contracting, 
Governance and Organization; Journal of Corporate Finance: 
Contracting, Governance and 
Organization; Journal of Corporate Finance; JOURNAL OF CORPORATE FINANCE: CONTRACTING, GOVERNANCE AND ORGANIZATION",Journal of Corporate Finance,2,2,2,2,1,1
1246-0125,Journal of Decision Systems; JOURNAL OF DECISION SYSTEMS,Journal of Decision Systems,4,4,4,4,4,4
1074-1240,Journal of Derivatives; JOURNAL OF DERIVATIVES,Journal of Derivatives,3,3,3,3,3,3
0167-2681,JOURNAL OF ECONOMIC BEHAVIOR AND ORGANIZATION,Journal of Economic Behavior and Organization,,,,,2,2
1058-6407,"Journal of Economics and Management Strategy; Journal of Economics and 
Management Strategy; JOURNAL OF ECONOMICS AND MANAGEMENT STRATEGY",Journal of Economics and Management Strategy,1,1,2,2,2,2
0972-6527,Journal of Emerging Market Finance; JOURNAL OF EMERGING MARKET FINANCE,Journal of Emerging Market Finance,,,4,4,4,4
0927-5398,Journal of Empirical Finance; JOURNAL OF EMPIRICAL FINANCE,Journal of Empirical Finance,3,3,2,2,2,2
0923-4748,"Journal of Engineering and Technology 
Management; Journal of Engineering and 
Technology Management; JOURNAL OF ENGINEERING AND TECHNOLOGY MANAGEMENT",Journal of Engineering and Technology Management,3,3,3,3,3,3
1741-0398,"Journal of Enterprise Information Management; Journal of Enterprise Information 
Management; JOURNAL OF ENTERPRISE INFORMATION MANAGEMENT",Journal of Enterprise Information Management,4,4,4,3,4,3
0218-4958,Journal of Enterprising Culture; JOURNAL OF ENTERPRISING CULTURE,Journal of Enterprising Culture,4,4,4,4,4,4
1877-8585,Journal of Family Business Strategy; JOURNAL OF FAMILY BUSINESS STRATEGY,Journal of Family Business Strategy,,,4,3,3,3
0022-1082,Journal of Finance; JOURNAL OF FINANCE,Journal of Finance,1*,1*,1*,1*,1*,1*
0304-405X,Journal of Financial Economics; JOURNAL OF FINANCIAL ECONOMICS,Journal of Financial Economics,1,1,1,1,1*,1*
1042-9573,Journal of Financial Intermediation; JOURNAL OF FINANCIAL INTERMEDIATION,Journal of Financial Intermediation,2,2,2,2,1,1
1386-4181,Journal of Financial Markets; JOURNAL OF FINANCIAL MARKETS,Journal of Financial Markets,3,2,2,2,2,2
0270-2592,Journal of Financial Research; JOURNAL OF FINANCIAL RESEARCH,Journal of Financial Research,3,3,3,3,3,3
0920-8550,"Journal of Financial Services Research; Journal of Financial Services 
Research; JOURNAL OF FINANCIAL SERVICES RESEARCH",Journal of Financial Services Research,3,3,3,3,3,3
1572-3089,Journal of Financial Stability; JOURNAL OF FINANCIAL STABILITY,Journal of Financial Stability,,,3,3,3,2
0022-1090,"Journal of Financial and Quantitative Analysis; Journal of Financial and Quantitative 
Analysis; Journal of Financial and 
Quantitative Analysis; JOURNAL OF FINANCIAL AND QUANTITATIVE ANALYSIS",Journal of Financial and Quantitative Analysis,1,1,1,1,1,1
1059-8596,Journal of Fixed Income; JOURNAL OF FIXED INCOME,Journal of Fixed Income,3,3,3,3,3,3
0270-7314,Journal of Futures Markets; JOURNAL OF FUTURES MARKETS,Journal of Futures Markets,3,3,3,3,3,3
0306-3070,Journal of General Management; JOURNAL OF GENERAL MANAGEMENT,Journal of General Management,,,,4,4,4
1062-7375,"Journal of Global Information Management; Journal of Global Information 
Management; JOURNAL OF GLOBAL INFORMATION MANAGEMENT",Journal of Global Information Management,2,2,3,3,3,3
0361-6878,"Journal of Health Politics, Policy and Law; Journal of Health Politics, Policy 
and Law; JOURNAL OF HEALTH POLITICS, POLICY AND LAW","Journal of Health Politics, Policy and Law",3,3,4,4,4,4
1355-8196,"Journal of Health Services Research and Policy; Journal of Health Services Research 
and Policy; JOURNAL OF HEALTH SERVICES RESEARCH AND POLICY",Journal of Health Services Research and Policy,4,4,4,4,4,3
1047-8310,"Journal of High Technology Management 
Research; Journal of High Technology 
Management Research; JOURNAL OF HIGH TECHNOLOGY MANAGEMENT RESEARCH",Journal of High Technology Management Research,4,4,4,4,4,4
0022-166X,Journal of Human Resources; JOURNAL OF HUMAN RESOURCES,Journal of Human Resources,,,,2,2,2
0022-1856,Journal of Industrial Relations; JOURNAL OF INDUSTRIAL RELATIONS,Journal of Industrial Relations,,,,4,4,4
0268-3962,Journal of Information Technology; JOURNAL OF INFORMATION TECHNOLOGY,Journal of Information Technology,3,2,1,1,1,1
1094-9968,Journal of Interactive Marketing; JOURNAL OF INTERACTIVE MARKETING,Journal of Interactive Marketing,3,3,2,2,2,2
1542-6297,"Journal of International Accounting Research; Journal of International Accounting 
Research; JOURNAL OF INTERNATIONAL ACCOUNTING RESEARCH",Journal of International Accounting Research,3,3,3,3,3,3
0047-2506,"Journal of International Business Studies; Journal of International Business 
Studies; JOURNAL OF INTERNATIONAL BUSINESS STUDIES",Journal of International Business Studies,1,1,1,1,1*,1*
1570-7385,"Journal of International Entrepreneurship; Journal of International 
Entrepreneurship; JOURNAL OF INTERNATIONAL ENTREPRENEURSHIP",Journal of International Entrepreneurship,3,3,3,4,4,4
1042-4431,"Journal of International Financial 
Markets, Institutions & Money; JOURNAL OF INTERNATIONAL FINANCIAL MARKETS, INSTITUTIONS AND MONEY","Journal of International Financial Markets, Institutions & Money",,,,3,3,3
1075-4253,Journal of International Management; JOURNAL OF INTERNATIONAL MANAGEMENT,Journal of International Management,3,3,3,3,3,2
1069-031X,Journal of International Marketing; JOURNAL OF INTERNATIONAL MARKETING,Journal of International Marketing,3,3,2,2,2,2
0261-5606,"Journal of International Money and 
Finance; JOURNAL OF INTERNATIONAL MONEY AND FINANCE",Journal of International Money and Finance,,,,2,2,2
1367-3270,Journal of Knowledge Management; JOURNAL OF KNOWLEDGE MANAGEMENT,Journal of Knowledge Management,4,4,3,3,2,2
0195-3613,Journal of Labor Research; JOURNAL OF LABOR RESEARCH,Journal of Labor Research,,,,4,4,4
0276-1467,Journal of Macromarketing; JOURNAL OF MACROMARKETING,Journal of Macromarketing,3,3,3,3,3,3
0149-2063,Journal of Management; JOURNAL OF MANAGEMENT,Journal of Management,2,1,1,1,1,1
1049-2127,"Journal of Management Accounting Research; Journal of Management Accounting 
Research; JOURNAL OF MANAGEMENT ACCOUNTING RESEARCH",Journal of Management Accounting Research,3,3,3,3,3,3
0262-1711,Journal of Management Development; JOURNAL OF MANAGEMENT DEVELOPMENT,Journal of Management Development,4,4,4,4,4,4
0742-1222,"Journal of MIS; Journal of Management Information 
Systems; JOURNAL OF MANAGEMENT INFORMATION SYSTEMS",Journal of Management Information Systems,1,1,1,1,1,1
1056-4926,Journal of Management Inquiry; JOURNAL OF MANAGEMENT INQUIRY,Journal of Management Inquiry,3,3,2,2,2,2
0022-2380,Journal of Management Studies; JOURNAL OF MANAGEMENT STUDIES,Journal of Management Studies,1,1,1,1,1,1
1385-3457,"Journal of Management and 
Governance; Journal of Management and Governance; JOURNAL OF MANAGEMENT AND GOVERNANCE",Journal of Management and Governance,,4,4,4,4,4
0268-3946,Journal of Managerial Psychology; JOURNAL OF MANAGERIAL PSYCHOLOGY,Journal of Managerial Psychology,4,4,3,3,3,3
0278-6125,Journal of Manufacturating Systems; Journal of Manufacturing Systems; JOURNAL OF MANUFACTURING SYSTEMS,Journal of Manufacturing Systems,3,3,3,3,4,4
0022-2429,Journal of Marketing; JOURNAL OF MARKETING,Journal of Marketing,1*,1*,1*,1*,1*,1*
0273-4753,Journal of Marketing Education; JOURNAL OF MARKETING EDUCATION,Journal of Marketing Education,,,4,4,4,4
0267-257X,Journal of Marketing Management; JOURNAL OF MARKETING MANAGEMENT,Journal of Marketing Management,3,3,3,3,3,3
0022-2437,Journal of Marketing Research; JOURNAL OF MARKETING RESEARCH,Journal of Marketing Research,1,1,1,1,1*,1*
1069-6679,"Journal of Marketing Theory and Practice; Journal of Marketing Theory and 
Practice; Journal of Marketing Theory 
and Practice; JOURNAL OF MARKETING THEORY AND PRACTICE",Journal of Marketing Theory and Practice,4,4,4,4,4,4
2114-8910,Journal of Marketing Trends; JOURNAL OF MARKETING TRENDS,Journal of Marketing Trends,,,4,4,4,
1042-444X,"Journal of Multinational Financial Management; Journal of Multinational Financial 
Management; JOURNAL OF MULTINATIONAL FINANCIAL MANAGEMENT",Journal of Multinational Financial Management,4,4,4,4,4,4
0966-0429,Journal of Nursing Management; JOURNAL OF NURSING MANAGEMENT,Journal of Nursing Management,,4,4,4,4,4
1076-8998,"Journal of Occupational Health Psychology; Journal of Occupational Health 
Psychology; JOURNAL OF OCCUPATIONAL HEALTH PSYCHOLOGY",Journal of Occupational Health Psychology,,,3,3,2,2
0963-1798,"Journal of Occupational and Organizational 
Psychology; Journal of Occupational and 
Organizational Psychology; JOURNAL OF OCCUPATIONAL AND ORGANIZATIONAL PSYCHOLOGY",Journal of Occupational and Organizational Psychology,2,2,2,2,2,2
0272-6963,Journal of Operations Management; JOURNAL OF OPERATIONS MANAGEMENT,Journal of Operations Management,1,1,1,1,1*,1*
0894-3796,Journal of Organizational Behavior; JOURNAL OF ORGANIZATIONAL BEHAVIOR,Journal of Organizational Behavior,2,1,1,1,1,1
0160-8061,"Journal of Organizational Behavior Management; Journal of Organizational Behavior 
Management; JOURNAL OF ORGANIZATIONAL BEHAVIOR MANAGEMENT",Journal of Organizational Behavior Management,3,3,3,4,4,3
0953-4814,"Journal of Organizational Change Management; Journal of Organizational Change 
Management; JOURNAL OF ORGANIZATIONAL CHANGE MANAGEMENT",Journal of Organizational Change Management,3,3,3,3,3,3
1546-2234,"Journal of Organizational and End User 
Computing; Journal of Organizational and End 
User Computing; JOURNAL OF ORGANIZATIONAL AND END USER COMPUTING",Journal of Organizational and End User Computing,3,3,3,4,4,4
1474-7472,"Journal of Pension Economics and 
Finance; Journal of Pension Economics 
and Finance; JOURNAL OF PENSION ECONOMICS AND FINANCE",Journal of Pension Economics and Finance,,,4,4,4,4
0885-3134,"Journal of Personal Selling and Sales 
Management; Journal of Personal Selling 
and Sales Management; JOURNAL OF PERSONAL SELLING AND SALES MANAGEMENT",Journal of Personal Selling and Sales Management,3,3,3,3,3,3
0095-4918,Journal of Portfolio Management; JOURNAL OF PORTFOLIO MANAGEMENT,Journal of Portfolio Management,3,3,3,3,3,3
0737-6782,"Journal of Product Innovation Management; Journal of Product Innovation 
Management; JOURNAL OF PRODUCT INNOVATION MANAGEMENT",Journal of Product Innovation Management,1,1,1,1,1,1
1061-0421,"Journal of Product and Brand Management; Journal of Product and Brand 
Management; JOURNAL OF PRODUCT AND BRAND MANAGEMENT",Journal of Product and Brand Management,4,4,4,3,4,4
1053-1858,"Journal of Public Administration Research and 
Theory; Journal of Public Administration 
Research and Theory; JOURNAL OF PUBLIC ADMINISTRATION RESEARCH AND THEORY",Journal of Public Administration Research and Theory,1,1,1,2,2,2
0743-9156,"Journal of Public Policy and Marketing; Journal of Public Policy and 
Marketing; JOURNAL OF PUBLIC POLICY AND MARKETING",Journal of Public Policy and Marketing,3,3,3,2,2,2
1478-4092,"Journal of Purchasing and Supply Management; Journal of Purchasing and Supply 
Management; JOURNAL OF PURCHASING AND SUPPLY MANAGEMENT",Journal of Purchasing and Supply Management,3,3,3,3,3,2
0022-4065,Journal of Quality Technology; JOURNAL OF QUALITY TECHNOLOGY,Journal of Quality Technology,2,3,3,3,3,3
0895-5638,"Journal of Real Estate Finance and Economics; Journal of Real Estate Finance and 
Economics; Journal of Real Estate Finance 
and Economics; JOURNAL OF REAL ESTATE FINANCE AND ECONOMICS",Journal of Real Estate Finance and Economics,3,3,3,3,3,3
0022-4359,Journal of Retailing; JOURNAL OF RETAILING,Journal of Retailing,2,2,1,1,1,1
0969-6989,"Journal of Retailing and Consumer Services; Journal of Retailing and Consumer 
Services; Journal of Retailing and 
Consumer Services; JOURNAL OF RETAILING AND CONSUMER SERVICES",Journal of Retailing and Consumer Services,3,3,3,3,3,3
0022-4367,Journal of Risk and Insurance; JOURNAL OF RISK AND INSURANCE,Journal of Risk and Insurance,2,2,2,2,2,2
0895-5646,Journal of Risk and Uncertainty; JOURNAL OF RISK AND UNCERTAINTY,Journal of Risk and Uncertainty,2,2,2,2,2,2
1757-5818,Journal of Service Management; JOURNAL OF SERVICE MANAGEMENT,Journal of Service Management,,4,3,3,3,3
1094-6705,Journal of Service Research; JOURNAL OF SERVICE RESEARCH,Journal of Service Research,2,2,1,1,1,1
0887-6045,Journal of Services Marketing; JOURNAL OF SERVICES MARKETING,Journal of Services Marketing,3,3,3,3,3,3
0827-6331,"Journal of Small Business and 
Entrepreneurship; Journal of Small Business & 
Entrepreneurship; JOURNAL OF SMALL BUSINESS AND ENTREPRENEURSHIP",Journal of Small Business & Entrepreneurship,,,4,4,4,4
0047-2778,"Journal of Small Business Management; Journal of Small Business 
Management; JOURNAL OF SMALL BUSINESS MANAGEMENT",Journal of Small Business Management,2,2,2,2,2,2
1462-6004,"Journal of Small Business and Enterprise 
Development; Journal of Small Business and 
Enterprise Development; JOURNAL OF SMALL BUSINESS AND ENTERPRISE DEVELOPMENT",Journal of Small Business and Enterprise Development,4,4,4,4,4,4
0963-8687,"Journal of Strategic Information Systems; Journal of Strategic Information 
Systems; JOURNAL OF STRATEGIC INFORMATION SYSTEMS",Journal of Strategic Information Systems,2,2,2,2,2,1
1466-4488,Journal of Strategic Marketing; Journal of Strategic Marketing; JOURNAL OF STRATEGIC MARKETING,Journal of Strategic Marketing,4,4,4,4,4,
1523-2409,Journal of Supply Chain Management; JOURNAL OF SUPPLY CHAIN MANAGEMENT,Journal of Supply Chain Management,4,3,2,2,2,1
0966-9582,Journal of Sustainable Tourism; JOURNAL OF SUSTAINABLE TOURISM,Journal of Sustainable Tourism,,,,3,3,3
0892-9912,Journal of Technology Transfer; JOURNAL OF TECHNOLOGY TRANSFER,Journal of Technology Transfer,3,3,3,3,3,2
1540-7306,"Journal of Travel & Tourism Marketing; Journal of Travel and Tourism 
Marketing; Journal of Travel and Tourism Marketing; Journal of Travel & Tourism 
Marketing; JOURNAL OF TRAVEL & TOURISM MARKETING",Journal of Travel & Tourism Marketing,4,4,4,3,3,
0047-2875,Journal of Travel Research; JOURNAL OF TRAVEL RESEARCH,Journal of Travel Research,,,2,2,2,2
0001-8791,Journal of Vocational Behavior; JOURNAL OF VOCATIONAL BEHAVIOR,Journal of Vocational Behavior,2,2,2,2,2,1
1090-9516,"Journal of World Business (formely Columbia 
JWB); Journal of World Business 
(formely Columbia JWB); Journal of World Business; JOURNAL OF WORLD BUSINESS",Journal of World Business,2,2,2,2,1,1
0092-0703,"Journal of the Academy of Marketing Science; Journal of the Academy of Marketing 
Science; JOURNAL OF THE ACADEMY OF MARKETING SCIENCE; APPETITE",Journal of the Academy of Marketing Science,2,2,1,1,1,3
0092-0703,"Journal of the Academy of Marketing Science; Journal of the Academy of Marketing 
Science; JOURNAL OF THE ACADEMY OF MARKETING SCIENCE; APPETITE",Journal of the Academy of Marketing Science,2,2,1,1,1,1
0092-0703,"Journal of the Academy of Marketing Science; Journal of the Academy of Marketing 
Science; JOURNAL OF THE ACADEMY OF MARKETING SCIENCE; APPETITE",Journal of the Academy of Marketing Science,2,2,1,1,1,3
0092-0703,"Journal of the Academy of Marketing Science; Journal of the Academy of Marketing 
Science; JOURNAL OF THE ACADEMY OF MARKETING SCIENCE",Journal of the Academy of Marketing Science,2,2,1,1,1,1
1536-9323,"Journal of the Association for Information 
Systems; Journal of the Association for 
Information Systems; JOURNAL OF THE ASSOCIATION FOR INFORMATION SYSTEMS",Journal of the Association for Information Systems,2,2,2,2,1,1
0160-5682,"Journal of the Operational Research 
Society; JOURNAL OF THE OPERATIONAL RESEARCH SOCIETY",Journal of the Operational Research Society,,,3,2,2,2
1477-8238,"Knowledge Management Research & Practice; Knowledge Management Research & 
Practice; Knowledge Management Research 
& Practice; KNOWLEDGE MANAGEMENT RESEARCH & PRACTICE",Knowledge Management Research & Practice,3,3,3,3,3,3
1099-1441,Knowledge and Process Management; KNOWLEDGE AND PROCESS MANAGEMENT,Knowledge and Process Management,,,4,4,4,4
1160-7742,La Revue des Sciences de Gestion; LA REVUE DES SCIENCES DE GESTION,La Revue des Sciences de Gestion,,4,4,4,4,4
0023-656X,Labor History; LABOR HISTORY,Labor History,4,4,4,4,4,4
1742-7150,Leadership; LEADERSHIP,Leadership,4,4,4,4,4,4
0143-7739,"Leadership & Organization 
Development Journal; LEADERSHIP AND ORGANIZATION DEVELOPMENT JOURNAL",Leadership & Organization Development Journal,,,,4,4,4
1048-9843,Leadership Quarterly; LEADERSHIP QUARTERLY,Leadership Quarterly,2,2,1,1,1,1
0269-0942,Local Economy; LOCAL ECONOMY,Local Economy,,,4,4,4,4
0300-3930,Local Government Studies; LOCAL GOVERNMENT STUDIES,Local Government Studies,3,3,3,3,3,3
2377-9640,Logistique & Management; Logistique & Management; Logistique et Management; LOGISTIQUE ET MANAGEMENT,Logistique & Management,4,4,4,3,2,
0024-6301,Long Range Planning; LONG RANGE PLANNING M@N@GEMENT,Long Range Planning,2,2,2,2,2,1
1286-4892,M@n@gement,M@n@gement,2,2,2,2,,
0276-7783,MIS Quarterly; MIS QUARTERLY,MIS Quarterly,1*,1*,1*,1*,1*,1*
1532-9194,MIT Sloan Management Review; MIT SLOAN MANAGEMENT REVIEW,MIT Sloan Management Review,,,2,2,2,2
1044-5005,Management Accounting Research; MANAGEMENT ACCOUNTING RESEARCH,Management Accounting Research,2,2,2,1,1,2
0893-3189,"Management Communication Quarterly; Management Communication 
Quarterly; MANAGEMENT COMMUNICATION QUARTERLY",Management Communication Quarterly,4,4,4,3,4,4
0025-1747,Management Decision; MANAGEMENT DECISION,Management Decision,4,4,3,3,4,3
1206-1697,Management International; MANAGEMENT INTERNATIONAL,Management International,3,2,2,2,2,2
0938-8249,Management International Review; MANAGEMENT INTERNATIONAL REVIEW; Management International Review,Management International Review,3,3,3,3,3,3
1350-5076,Management Learning; MANAGEMENT LEARNING,Management Learning,3,3,2,2,2,2
0025-1909,Management Science; MANAGEMENT SCIENCE,Management Science,1*,1*,1*,1*,1*,1*
1740-8776,"Management and Organization 
Review; MANAGEMENT AND ORGANIZATION REVIEW",Management and Organization Review,,,,3,3,3
1744-9359,"Management and Organizational History; Management and Organizational 
History; MANAGEMENT AND ORGANIZATIONAL HISTORY",Management and Organizational History,4,4,4,4,4,4
1952-3262,Management et Sciences Sociales; MANAGEMENT ET SCIENCES SOCIALES,Management et Sciences Sociales,,,4,4,4,4
0268-6902,Managerial Auditing Journal; MANAGERIAL AUDITING JOURNAL,Managerial Auditing Journal,4,4,4,3,3,3
0307-4358,Managerial Finance; MANAGERIAL FINANCE,Managerial Finance,4,4,4,4,4,4
1523-4614,"Manufacturing and Service Operations 
Management; Manufacturing and Service 
Operations Management; MANUFACTURING AND SERVICE OPERATIONS MANAGEMENT",Manufacturing and Service Operations Management,4,2,2,1,1,1
0923-0645,Marketing Letters; MARKETING LETTERS,Marketing Letters,2,2,2,2,2,2
0732-2399,Marketing Science; MARKETING SCIENCE,Marketing Science,1,1,1,1,1*,1*
1470-5931,Marketing Theory; MARKETING THEORY,Marketing Theory,4,4,3,3,3,3
0960-1627,Mathematical Finance; MATHEMATICAL FINANCE,Mathematical Finance,2,2,2,2,2,2
0025-7079,Medical Care; MEDICAL CARE,Medical Care,1,1,1,2,2,3
1077-5587,Medical Care and Research Review; Medical Care Research and Review; MEDICAL CARE RESEARCH AND REVIEW,Medical Care Research and Review,3,2,3,3,4,4
0272-989X,Medical Decision Making; MEDICAL DECISION MAKING,Medical Decision Making,2,3,3,3,3,3
1525-383X,Multinational Business Review; MULTINATIONAL BUSINESS REVIEW,Multinational Business Review,4,4,4,4,4,3
1092-0277,North American Actuarial Journal; NORTH AMERICAN ACTUARIAL JOURNAL,North American Actuarial Journal,4,3,3,3,3,3
0030-364X,Operations Research; OPERATIONS RESEARCH,Operations Research,,,1,1,1*,1*
1350-5084,Organization; ORGANIZATION,Organization,1,1,2,2,2,2
1047-7039,Organization Science; ORGANIZATION SCIENCE,Organization Science,1,1,1,1,1*,1*
0170-8406,Organization Studies; ORGANIZATION STUDIES,Organization Studies,1,1,1,1,1,1
1086-0266,Organization and Environment; ORGANIZATION AND ENVIRONMENT,Organization and Environment,3,3,3,3,3,2
0749-5978,"Organizational Behavior and Human Decision 
Processes; Organizational Behavior and 
Human Decision Processes; Organizational Behavior and Human 
Decision Processes; ORGANIZATIONAL BEHAVIOR AND HUMAN DECISION PROCESSES",Organizational Behavior and Human Decision Processes,1,1,1,1,1,1
0090-2616,Organizational Dynamics; ORGANIZATIONAL DYNAMICS,Organizational Dynamics,2,2,2,2,2,2
2041-3866,Organizational Psychology Review; ORGANIZATIONAL PSYCHOLOGY REVIEW,Organizational Psychology Review,,,,4,4,3
1094-4281,Organizational Research Methods; ORGANIZATIONAL RESEARCH METHODS,Organizational Research Methods,2,2,1,1,1,1
0927-538X,Pacific Basin Finance Journal; PACIFIC BASIN FINANCE JOURNAL,Pacific Basin Finance Journal,3,3,3,3,3,3
0031-5826,Personnel Psychology; PERSONNEL PSYCHOLOGY,Personnel Psychology,1,1,1,1,1,1*
0048-3486,Personnel Review; PERSONNEL REVIEW,Personnel Review,3,3,3,3,3,3
0305-5736,Policy and Politics; POLICY AND POLITICS,Policy and Politics,2,2,3,3,3,3
0758-1726,Politiques et Management Public; POLITIQUES ET MANAGEMENT PUBLIC,Politiques et Management Public,4,4,4,4,3,4
0953-7287,Production Planning and Control; PRODUCTION PLANNING AND CONTROL,Production Planning and Control,2,2,2,2,2,2
0897-8336,"Production and Inventory Management Journal; Production and Inventory 
Management Journal; PRODUCTION AND INVENTORY MANAGEMENT JOURNAL",Production and Inventory Management Journal,3,3,3,4,4,4
1059-1478,"Production and Operations Management; Production and Operations 
Management; PRODUCTION AND OPERATIONS MANAGEMENT",Production and Operations Management,1,1,1,1,1,1
0742-6046,Psychology and Marketing; PSYCHOLOGY AND MARKETING,Psychology and Marketing,2,2,2,2,2,2
0033-3352,Public Administration Review; PUBLIC ADMINISTRATION REVIEW,Public Administration Review,1,1,1,1,1,1
0271-2075,"Public Administration and Development; Public Administration and 
Development; PUBLIC ADMINISTRATION AND DEVELOPMENT",Public Administration and Development,3,3,3,3,3,3
0033-3298,"Public Administration: An International Quarterly; Public Administration: 
An International Quarterly; PUBLIC ADMINISTRATION: AN INTERNATIONAL QUARTERLY",Public Administration: An International Quarterly,3,3,3,3,2,2
0033-3506,Public Health; PUBLIC HEALTH,Public Health,3,4,4,4,4,4
1471-9037,Public Management Review; PUBLIC MANAGEMENT REVIEW,Public Management Review,3,3,3,3,3,2
0954-0962,Public Money and Management; PUBLIC MONEY AND MANAGEMENT,Public Money and Management,3,3,3,3,3,3
1566-7170,Public Organization Review; PUBLIC ORGANIZATION REVIEW,Public Organization Review,3,4,4,4,4,4
1352-2752,Qualitative Market Research; QUALITATIVE MARKET RESEARCH,Qualitative Market Research,4,4,4,4,4,4
1468-7941,Qualitative Research; QUALITATIVE RESEARCH,Qualitative Research,,,,4,4,4
0962-9343,Quality of Life Research; QUALITY OF LIFE RESEARCH,Quality of Life Research,3,3,3,3,3,3
1469-7688,Quantitative Finance; QUANTITATIVE FINANCE,Quantitative Finance,3,3,3,3,3,3
1570-7156,"Quantitative Marketing & Economics; Quantitative Marketing and Economics; Quantitative Marketing and 
Economics; QUANTITATIVE MARKETING AND ECONOMICS",Quantitative Marketing and Economics,3,3,3,2,2,2
2262-7030,Question(s) de Management; QUESTION(S) DE MANAGEMENT,Question(s) de Management,,,4,4,4,4
0033-6807,R&D Management; R&D MANAGEMENT,R&D Management,3,2,2,2,2,2
1080-8620,Real Estate Economics; REAL ESTATE ECONOMICS,Real Estate Economics,3,3,3,3,3,3
2117-802X,"Recherche et Cas en Sciences de 
Gestion; RECHERCHE ET CAS EN SCIENCES DE GESTION",Recherche et Cas en Sciences de Gestion,,,,4,4,
1634-7056,"Recherches en Sciences de Gestion - 
Management Sciences - Ciencias de Gestión ( 
Ancien nom : Revue Sciences de Gestion); Recherches en Sciences de Gestion - 
Management Sciences - Ciencias de 
Gestión; Recherches en Sciences de Gestion - 
Management Sciences - 
Ciencias de Gestión",Recherches en Sciences de Gestion - Management Sciences - Ciencias de Gestión,4,3,3,3,,
0034-379X,"Relations Industrielles / Industrial Relations; Relations Industrielles / Industrial 
Relations; Relations Industrielles / 
Industrial Relations; RELATIONS INDUSTRIELLES - INDUSTRIAL RELATIONS; RELATIONS INDUSTRIELLES",Relations Industrielles / Industrial Relations,3,3,3,3,2,3
2103-8651,Resaddersse International,Resaddersse International,,,,4,,
0048-7333,Research Policy; RESEARCH POLICY,Research Policy,2,1,1,1,1*,1*
0275-5319,"Research in International Business and Finance; Research in International Business 
and Finance; RESEARCH IN INTERNATIONAL BUSINESS AND FINANCE",Research in International Business and Finance,4,4,4,4,3,3
0191-3085,Research in Organizational Behavior; RESEARCH IN ORGANIZATIONAL BEHAVIOR,Research in Organizational Behavior,2,2,2,2,2,2
1380-6653,Review of Accounting Studies; REVIEW OF ACCOUNTING STUDIES,Review of Accounting Studies,1,1,1,1,1,1
1475-7702,Review of Accounting and Finance; REVIEW OF ACCOUNTING AND FINANCE,Review of Accounting and Finance,4,4,4,4,4,4
2045-9920,Review of Asset Pricing Studies; REVIEW OF ASSET PRICING STUDIES,Review of Asset Pricing Studies,,,4,4,4,
2046-9136,REVIEW OF CORPORATE FINANCE STUDIES; Review of Corporate Finance Studies,Review of Corporate Finance Studies,,,4,3,3,2
1380-6645,Review of Derivatives Research; REVIEW OF DERIVATIVES RESEARCH,Review of Derivatives Research,4,4,3,3,3,3
1572-3097,"Review of Finance (ex-European 
Finance Review); Review of Finance 
(ex-European Finance Review); Review of Finance 
(ex European Finance Review); REVIEW OF FINANCE",Review of Finance,,1,1,1,1,1
1058-3300,Review of Financial Economics; REVIEW OF FINANCIAL ECONOMICS,Review of Financial Economics,4,4,4,4,4,4
0893-9454,Review of Financial Studies; REVIEW OF FINANCIAL STUDIES,Review of Financial Studies,1,1,1,1,1*,1*
0889-938X,Review of Industrial Organization; REVIEW OF INDUSTRIAL ORGANIZATION,Review of Industrial Organization,,,,3,3,3
0734-371X,"Review of Public Personnel Administration; Review of Public Personnel Adminis-
tration; Review of Public Personnel 
Administration; REVIEW OF PUBLIC PERSONNEL ADMINISTRATION",Review of Public Personnel Administration,4,4,4,4,4,4
0924-865X,"Review of Quantitative Finance and Accounting; Review of Quantitative Finance and 
Accounting; Review of Quantitative Finance 
and Accounting; REVIEW OF QUANTITATIVE FINANCE AND ACCOUNTING",Review of Quantitative Finance and Accounting,3,3,3,3,3,3
0338-4551,Revue Française de Gestion; REVUE FRANÇAISE DE GESTION,Revue Française de Gestion,4,3,2,2,2,2
1962-2961,"Revue Française de Gouvernance 
d'Entreprise; REVUE FRANÇAISE DE GOUVERNANCE D'ENTREPRISE",Revue Française de Gouvernance d'Entreprise,,,4,4,4,
0776-5436,Revue Internationale PME; Revue Internationale PME (RIPME); REVUE INTERNATIONALE PME (RIPME),Revue Internationale PME,4,3,3,3,2,2
1777-5744,Revue d'Economie Financière,Revue d'Economie Financière,4,4,4,4,,
1163-913X,"Revue de Gestion des Ressources Humaines; Revue de Gestion des Ressources 
Humaines; REVUE DE GESTION DES RESSOURCES HUMAINES; REVUE DE GESTION DES RESSOURCES HUMAINES (RGRH)",Revue de Gestion des Ressources Humaines,3,2,2,2,2,2
1630-7542,Revue de l'Entrepreneuriat,Revue de l'Entrepreneuriat,4,3,2,2,,
1951-0187,"Revue de l'Organisation Responsable; Revue de l'Organisation Responsable 
(ROR); REVUE DE L'ORGANISATION RESPONSABLE (ROR)",Revue de l'Organisation Responsable,4,4,4,4,3,2
0751-7971,Réseaux,Réseaux,4,4,4,4,,
0956-5221,Scandinavian Journal of Management; SCANDINAVIAN JOURNAL OF MANAGEMENT,Scandinavian Journal of Management,3,3,3,3,3,3
0921-898X,Small Business Economics; SMALL BUSINESS ECONOMICS,Small Business Economics,2,2,2,2,2,2
0277-9536,Social Science and Medicine; SOCIAL SCIENCE AND MEDICINE,Social Science and Medicine,1,1,1,2,2,1
1746-5680,Society and Business Review; SOCIETY AND BUSINESS REVIEW,Society and Business Review,,4,4,4,4,4
0049-1241,Sociological Methods & Research; SOCIOLOGICAL METHODS & RESEARCH,Sociological Methods & Research,,,,3,4,4
1932-4391,Strategic Entrepreneurship Journal; STRATEGIC ENTREPRENEURSHIP JOURNAL,Strategic Entrepreneurship Journal,2,2,2,1,1,1
0143-2095,Strategic Management Journal; STRATEGIC MANAGEMENT JOURNAL,Strategic Management Journal,1*,1*,1*,1*,1*,1*
1476-1270,Strategic Organization; STRATEGIC ORGANIZATION,Strategic Organization,3,3,2,2,2,1
1624-6039,"Supply Chain Forum: An International Journal; Supply Chain Forum: 
An International Journal; Supply Chain Forum: 
An International Journal; SUPPLY CHAIN FORUM: AN INTERNATIONAL JOURNAL",Supply Chain Forum: An International Journal,4,4,3,3,3,
1359-8546,"Supply Chain Management: An International 
Journal; Supply Chain Management: 
An International Journal; SUPPLY CHAIN MANAGEMENT: AN INTERNATIONAL JOURNAL",Supply Chain Management: An International Journal,3,3,2,2,2,2
2040-8021,"Sustainability Accounting, 
Management and Policy Journal; SUSTAINABILITY ACCOUNTING, MANAGEMENT AND POLICY JOURNAL","Sustainability Accounting, Management and Policy Journal",,4,4,3,3,3
1260-4984,"Systèmes d'Information et Management; Systèmes d'Information et 
Management; SYSTEMES D'INFORMATION ET MANAGEMENT; SYSTÈMES D'INFORMATION ET MANAGEMENT (SIM)",Systèmes d'Information et Management,2,2,2,2,2,2
0040-1625,"Technological Forecasting and Social Change; Technological Forecasting and Social 
Change; Technological Forecasting and 
Social Change; TECHNOLOGICAL FORECASTING AND SOCIAL CHANGE",Technological Forecasting and Social Change,2,2,2,2,2,2
0953-7325,"Technology Analysis and Strategic Management; Technology Analysis and Strategic 
Management; TECHNOLOGY ANALYSIS AND STRATEGIC MANAGEMENT",Technology Analysis and Strategic Management,3,3,3,3,3,3
0166-4972,Technovation; TECHNOVATION,Technovation,3,3,3,2,2,2
0001-4826,Accounting Review; The Accounting Review; ACCOUNTING REVIEW (THE),The Accounting Review,1*,1*,1*,1*,1*,1*
1351-847X,The European Journal of Finance; THE EUROPEAN JOURNAL OF FINANCE,The European Journal of Finance,4,4,4,3,3,3
1554-964X,"Geneva Risk and Insurance Review; The Geneva Risk and Insurance 
Review; THE GENEVA RISK AND INSURANCE REVIEW",The Geneva Risk and Insurance Review,2,2,3,3,3,3
0020-7063,"International Journal of Accounting; The International Journal of 
Accounting; The International Journal of Accounting",The International Journal of Accounting,3,3,3,3,,
1094-4060,"The International Journal of 
Logistics Management; THE INTERNATIONAL JOURNAL OF ACCOUNTING",The International Journal of Accounting; The International Journal of Logistics Management,,,,3,3,3
0957-4093,"International Journal of Logistics 
Management; The International Journal of Logistics 
Management; THE INTERNATIONAL JOURNAL OF LOGISTICS MANAGEMENT",The International Journal of Logistics Management,,3,3,,3,3
0021-8863,"Journal of Applied Behavioral Science; The Journal of Applied Behavioral 
Science; THE JOURNAL OF APPLIED BEHAVIORAL SCIENCE",The Journal of Applied Behavioral Science,3,3,3,3,3,3
0971-3557,The Journal of Entrepreneurship; THE JOURNAL OF ENTREPRENEURSHIP,The Journal of Entrepreneurship,,,4,4,4,4
0969-6474,Learning Organization; The Learning Organization; THE LEARNING ORGANIZATION,The Learning Organization,4,4,4,4,4,4
0887-378X,"Milbank Memorial Fund Quarterly - The Milbank 
Quarterly; Milbank Memorial Fund Quarterly - 
The Milbank Quarterly; The Milbank Quarterly; THE MILBANK QUARTERLY",The Milbank Quarterly,2,1,2,2,2,3
1096-4762,"Thunderbird International Business Review; Thunderbird International Business 
Review; THUNDERBIRD INTERNATIONAL BUSINESS REVIEW",Thunderbird International Business Review,4,4,4,4,4,3
0261-5177,Tourism Management; TOURISM MANAGEMENT,Tourism Management,,,2,1,1,1
1366-5545,"Transportation Research Part E: Logistics; Transportation Research Part E: 
Logistics; Transportation Research Part E: 
Logistics and Transportation Review; TRANSPORTATION RESEARCH PART E: LOGISTICS AND TRANSPORTATION REVIEW",Transportation Research Part E: Logistics and Transportation Review,2,2,2,2,2,1
1369-1066,"Venture Capital : An International 
Journal of Entrepreneurial Finance; Venture Capital: An International 
Journal of Entrepreneurial Finance; VENTURE CAPITAL: AN INTERNATIONAL JOURNAL OF ENTREPRENEURIAL FINANCE",Venture Capital: An International Journal of Entrepreneurial Finance,,4,4,4,4,4
0957-8765,Voluntas; VOLUNTAS: INTERNATIONAL JOURNAL OF VOLUNTARY AND NONPROFIT ORGANIZATIONS,Voluntas,,4,4,4,4,4
0730-8884,Work and Occupations; WORK AND OCCUPATIONS,Work and Occupations,3,3,3,3,3,3
0267-8373,Work and Stress; WORK AND STRESS,Work and Stress,3,3,3,3,3,3
0950-0170,"Work Employment and Society; Work, Employment and Society; WORK, EMPLOYMENT AND SOCIETY","Work, Employment and Society",3,3,3,2,2,2
0957-1787,UTILITIES POLICY,,,,,,4,4
1389-5753,ELECTRONIC COMMERCE RESEARCH,,,,,,4,4
0308-518X,ENVIRONMENT AND PLANNING A,,,,,,2,2
1741-802X,INTERNATIONAL JOURNAL OF BUSINESS GOVERNANCE AND ETHICS,,,,,,4,4
0022-0388,JOURNAL OF DEVELOPMENT STUDIES,,,,,,3,3
1930-2975,Judgment and Decision Making,,,,,,3,3
0014-2921,EUROPEAN ECONOMIC REVIEW,,,,,,2,
1469-1930,JOURNAL OF INTELLECTUAL CAPITAL,,,,,,4,3
0152-7401,"Revue Française d'Administration Publique; Revue Française de l'Administration 
Publique",,4,4,4,,,
0003-1224,AMERICAN SOCIOLOGICAL REVIEW,,,,,,1,1
0264-9993,ECONOMIC MODELLING,,,,,,3,3
0007-070X,BRITISH FOOD JOURNAL,,,,,,4,3
1063-2921,"Journal of Arts Management, Law and Society; Journal of Arts Management, Law 
and Society; JOURNAL OF ARTS MANAGEMENT LAW AND SOCIETY",,4,4,4,,,4
1094-6977,"IEEE Transaction on Systems, Man and 
Cybernetics - C; IEEE Transaction on Systems, 
Man and Cybernetics - C; IEEE Transactions on Systems, Man, 
and Cybernetics, Part C (Applications 
and Reviews)",,3,4,4,,,
0892-7626,Journal of Applied Business Research,,3,3,,,,
2262-5305,JOURNAL DE GESTION ET D'ÉCONOMIE DE LA SANTE,,,,,,4,
0312-8962,AUSTRALIAN JOURNAL OF MANAGEMENT,,,,,,4,4
0295-4397,Gérer et Comprendre; GERER ET COMPRENDRE,,4,3,3,3,3,4
0268-1072,"NEW TECHNOLOGY, WORK AND EMPLOYMENT",,,,,,3,2
1467-0895,INTERNATIONAL JOURNAL OF ACCOUNTING INFORMATION SYSTEMS,,,,,,4,3
0277-6693,JOURNAL OF FORECASTING,,,,,,3,3
1098-3015,Value in Health,,2,,,,,
0022-4146,JOURNAL OF REGIONAL SCIENCE,,,,,,3,
0961-3218,BUILDING RESEARCH AND INFORMATION,,,,,,4,4
0266-4666,ECONOMETRIC THEORY,,,,,,1,
0030-7653,OXFORD ECONOMIC PAPERS,,,,,,3,
0920-6299,"International Journal of Flexible Manufacturing; International Journal of Flexible 
Manufacturing Systems",,2,3,,,,
1475-3898,"Quality and Safety in Health Care; British Medical Journal Quality and 
Safety",,2,3,,,,
0304-4076,JOURNAL OF ECONOMETRICS,,,,,,1,
0022-5258,JOURNAL OF TRANSPORT ECONOMICS AND POLICY,,,,,,4,4
0969-9988,"ENGINEERING, CONSTRUCTION AND ARCHITECTURAL MANAGEMENT",,,,,,4,4
1464-3650,Information Communication and Society,,,,,,4,
0965-4313,EUROPEAN PLANNING STUDIES,,,,,,4,
1989-2021,ECOLOGICAL ECONOMICS,,,,,,2,
8756-6222,"JOURNAL OF LAW, ECONOMICS, AND ORGANIZATION",,,,,,2,
0895-3309,JOURNAL OF ECONOMIC PERSPECTIVES,,,,,,1,
1945-7731,AMERICAN ECONOMIC JOURNAL: ECONOMIC POLICY,,,,,,1,
0965-8564,TRANSPORTATION RESEARCH A: POLICY AND PRACTICE,,,,,,2,2
1475-1461,SOCIO-ECONOMIC REVIEW,,,,,,2,2
0012-155X,DEVELOPMENT AND CHANGE,,,,,,3,3
0034-6527,REVIEW OF ECONOMIC STUDIES,,,,,,1*,
0167-6296,Journal of Health Economics,,1,,,,,
0002-9602,AMERICAN JOURNAL OF SOCIOLOGY,,,,,,1,1
1472-0817,JOURNAL OF CONSUMER BEHAVIOUR,,,,,,4,3
0301-4797,JOURNAL OF ENVIRONMENTAL MANAGEMENT,,,,,,2,2
1062-9769,"The Quarterly Review of Economics 
and Finance; THE QUARTERLY REVIEW OF ECONOMICS AND FINANCE",,,,,4,4,3
1461-6688,TOURISM GEOGRAPHIES,,,,,,4,4
0928-7655,RESOURCE AND ENERGY ECONOMICS,,,,,,3,3
0012-9682,ECONOMETRICA,,,,,,1*,1*
0191-2615,TRANSPORTATION RESEARCH B: METHODOLOGICAL,,,,,,1,1
1267-4982,"Innovations - Revue d'Economie et 
de Management de l'Innovation/
Journal of Innovation Economics and 
Management; Innovations - Revue d’Economie et 
de Management de l’Innovation /
Journal of Innovation Economics and 
Management; INNOVATIONS, REVUE D’ÉCONOMIE ET DE MANAGEMENT DE L’INNOVATION / JOURNAL OF INNOVATION ECONOMICS AND; INNOVATIONS, REVUE D'ÉCONOMIE ET DE MANAGEMENT DE L'INNOVATION",,,,4,3,2,2
1479-8409,JOURNAL OF FINANCIAL ECONOMETRICS,,,,,,2,2
1833-3672,JOURNAL OF MANAGEMENT & ORGANIZATION,,,,,,4,4
0570-1864,ANNALS OF REGIONAL SCIENCE,,,,,,4,
1478-3363,TOTAL QUALITY MANAGEMENT & BUSINESS EXCELLENCE,,,,,,4,4
1365-1005,MACROECONOMIC DYNAMICS,,,,,,3,
1053-8372,JOURNAL OF THE HISTORY OF ECONOMIC THOUGHT,,,,,,4,
1760-8864,"Economie et Société série Economie de 
l'Entreprise",,4,,,,,
0894-3257,JOURNAL OF BEHAVIORAL DECISION MAKING,,,,,,2,2
0741-6261,RAND JOURNAL OF ECONOMICS,,,,,,1,1
0022-0787,JOURNAL OF EMPLOYMENT COUNSELING,,,,,,4,4
1260-1705,"Revue Internationale de 
Psychosociologie et de Gestion des 
Comportements Organisationnels 
(RIPCO); Revue Internationale de Psychosociolo-
gie et de Gestion des Comportements 
Organisationnels (RIPCO); Revue Internationale de Psychosociologie 
et de Gestion des Comportements 
Organisationnels (RIPCO); REVUE INTERNATIONALE DE PSYCHOSOCIOLOGE ET DE GESTION DES COMPORTEMENTS ORGANISATIONNELS (RIPCO); REVUE INTERNATIONALE DE PSYCHOSOCIOLOGIE ET DE GESTION DES COMPORTEMENTS ORGANISATIONNELS (RIPCO)",,,4,4,4,3,4
0364-152X,ENVIRONMENTAL MANAGEMENT,,,,,,4,4
0959-6119,INTERNATIONAL JOURNAL OF CONTEMPORARY HOSPITALITY MANAGEMENT,,,,,,3,3
0022-1996,JOURNAL OF INTERNATIONAL ECONOMICS,,,,,,1,
0023-7639,LAND ECONOMICS,,,,,,3,3
2051-8803,JOURNAL OF PROFESSIONS AND ORGANIZATION,,,,,,4,4
0013-0095,ECONOMIC GEOGRAPHY,,,,,,1,1
1750-6220,INTERNATIONAL JOURNAL OF ENERGY SECTOR MANAGEMENT,,,,,,4,4
1479-053X,TOURISM PLANNING AND DEVELOPMENT (Formerly: Tourism and Hospitality Planning and Development),,,,,,4,4
1076-9307,INTERNATIONAL JOURNAL OF FINANCE AND ECONOMICS,,,,,,3,3
1471-678X,IMA JOURNAL OF MANAGEMENT MATHEMATICS,,,,,,4,4
0305-0483,OMEGA: THE INTERNATIONAL JOURNAL OF MANAGEMENT SCIENCE,,,,,,3,2
0742-597X,JOURNAL OF MANAGEMENT IN ENGINEERING,,,,,,4,3
1940-1019,Journal of Psychology: Interdisciplinary and Applied,,,,,,4,4
1084-9467,Journal of Developmental Entrepreneurship,,,,4,,,
2497-0107,"REVUE EUROPEENNE D'ECONOMIE ET DE MANAGEMENT DES SERVICES (EX ECO & SOCIETE, SERIE ECONOMIE ET GESTION DES; REVUE EUROPÉENNE D'ÉCONOMIE ET MANAGEMENT DES SERVICES",,,,,,EM,4
0033-5533,QUARTERLY JOURNAL OF ECONOMICS,,,,,,1*,
0092-2102,INTERFACES; INFORMS JOURNAL ON APPLIED ANALYTICS,,,,,,3,3
1755-750X,JOURNAL OF HISTORICAL RESEARCH IN MARKETING,,,,,,4,4
0035-3051,Revue Française du Marketing; Revue Française de Marketing,,4,4,4,,,
1608-1625,ASIA-PACIFIC JOURNAL OF ACCOUNTING AND ECONOMICS,,,,,,4,4
0022-1821,JOURNAL OF INDUSTRIAL ECONOMICS,,,,,,2,3
1447-6770,JOURNAL OF HOSPITALITY AND TOURISM MANAGEMENT,,,,,,4,3
2631-7877,ORGANIZATION THEORY,,,,,,4,4
1472-3433,ENVIRONMENT AND PLANNING D,,,,,,4,4
0143-6570,MANAGERIAL AND DECISION ECONOMICS,,,,,,3,3
1072-5245,INTERNATIONAL JOURNAL OF STRESS MANAGEMENT,,,,,,4,4
0002-8282,AMERICAN ECONOMIC REVIEW,,,,,,1*,1*
1741-038X,JOURNAL OF MANUFACTURING TECHNOLOGY MANAGEMENT,,,,,,4,4
0034-3404,REGIONAL STUDIES,,,,,,2,2
0018-2702,HISTORY OF POLITICAL ECONOMY,,,,,,3,3
1617-9846,INFORMATION SYSTEMS AND E-BUSINESS MANAGEMENT,,,,,,4,3
1528-5359,Management Accounting Quarterly,,4,4,4,,,
0305-9049,OXFORD BULLETIN OF ECONOMICS AND STATISTICS,,,,,,3,
1262-2788,"Comptabilité, Contrôle, Audit; COMPTABILITE - CONTRÔLE - AUDIT; COMPTABILITÉ-CONTRÔLE-AUDIT",,2,2,2,2,2,2
2259-6372,RECHERCHES EN SCIENCES DE GESTION - MANAGEMENT SCIENCES - CIENCIAS DE GESTION,,,,,,3,3
2040-8269,MANAGEMENT RESEARCH REVIEW,,,,,,4,4
1066-2243,INTERNET RESEARCH,,,,,,4,3
1938-9663,Cornell Hospitality Quarterly,,,,,,4,4
1526-6133,JOURNAL OF ELECTRONIC COMMERCE RESEARCH,,,,,,4,4
1385-951X,INFORMATION TECHNOLOGY AND MANAGEMENT,,,,,,4,4
0165-1765,ECONOMICS LETTERS,,,,,,3,
1056-8190,PAPERS IN REGIONAL SCIENCE,,,,,,3,3
0305-750X,WORLD DEVELOPMENT,,,,,,2,2
1381-4338,JOURNAL OF ECONOMIC GROWTH,,,,,,1,
0263-2764,"THEORY, CULTURE AND SOCIETY",,,,,,3,3
0195-6574,ENERGY JOURNAL,,,,,,2,2
1382-6662,Review of Finance (ex-European Finance Review),,1,,,,,
0195-8631,Health Care Financing Review,,3,,,,,
2168-1007,ACADEMY OF MANAGEMENT DISCOVERIES,,,,,,4,3
1068-6967,Quality Management Journal,,4,4,4,,,
0018-7372,Revue Humanisme  et Entreprise,,4,,,,,
0306-9192,FOOD POLICY,,,,,,3,3
0047-2727,JOURNAL OF PUBLIC ECONOMICS,,,,,,1,1
0017-4815,GROWTH AND CHANGE,,,,,,4,3
0022-0515,JOURNAL OF ECONOMIC LITERATURE,,,,,,1,
0924-6460,ENVIRONMENTAL AND RESOURCE ECONOMICS,,,,,,2,2
0144-8188,INTERNATIONAL REVIEW OF LAW AND ECONOMICS,,,,,,3,
0013-0427,ECONOMICA,,,,,,3,3
2321-029X,IIM KOZHIKODE SOCIETY & MANAGEMENT REVIEW,,,,,,4,4
0022-0027,JOURNAL OF CONFLICT RESOLUTION,,,,,,3,2
0304-4068,JOURNAL OF MATHEMATICAL ECONOMICS,,,,,,2,
2059-5891,,,,,,,,
1780-9231,Négociations; NEGOCIATIONS,,,4,,,4,4
0140-9883,ENERGY ECONOMICS,,,,,,2,2
0049-4488,TRANSPORTATION,,,,,,4,3
1744-6619,JOURNAL OF CREDIT RISK,,,,,,4,4
1540-1960,"MIS Quarterly Executive: a research 
journal dedicated to improving prac-
tice; MIS QUARTERLY EXECUTIVE",,,,,3,3,3
0308-597X,MARINE POLICY,,,,,,4,4
0258-6770,X WORLD BANK ECONOMIC REVIEW; WORLD BANK ECONOMIC REVIEW,,,,,,2,3
1086-1718,Strategic Change; STRATEGIC CHANGE,,3,3,4,,4,4
0037-7732,SOCIAL FORCES,,,,,,3,3
1447-9338,"INNOVATION: ORGANIZATION & MANAGEMENT (formerly: Innovation: Management, Policy and Practice)",,,,,,4,3
0022-0531,JOURNAL OF ECONOMIC THEORY,,,,,,1,
0013-0133,ECONOMIC JOURNAL,,,,,,1,
0738-1360,MARINE RESOURCE ECONOMICS,,,,,,4,4
0889-4019,CAREER DEVELOPMENT QUARTERLY,,,,,,4,4
0047-2530,JOURNAL OF LEGAL STUDIES,,,,,,3,
0883-7252,JOURNAL OF APPLIED ECONOMETRICS,,,,,,2,
1743-8268,"International Journal of Knowledge 
Management Studies; INTERNATIONAL JOURNAL OF KNOWLEDGE MANAGEMENT STUDIES",,,,4,,,4
encours,,,,,,,,
0261-0159,"EQUALITY, DIVERSITY AND INCLUSION: AN INTERNATIONAL JOURNAL",,,,,,4,4
0007-2303,BROOKINGS PAPERS ON ECONOMIC ACTIVITY,,,,,,2,
0895-6308,RESEARCH-TECHNOLOGY MANAGEMENT,,,,,,3,3
1945-7669,AMERICAN ECONOMIC JOURNAL: MICROECONOMICS,,,,,,2,
1468-7976,TOURIST STUDIES,,,,,,4,4
0969-6016,INTERNATIONAL TRANSACTIONS IN OPERATIONAL RESEARCH,,,,,,4,4
1309-4297,EURASIAN BUSINESS REVIEW,,,,,,4,4
2555-4670,SYSTEMES AGROALIMENTAIRES / FOOD SYSTEMS (EX ECONOMIES ET SOCIETES - SERIE AG (SYSTEMES AGROALIMENTAIRES); SYSTÈMES AGROALIMENTAIRES / FOOD SYSTEMS,,,,,,4,4
1751-1348,JOURNAL OF MANAGEMENT HISTORY,,,,,,4,4
1035-6908,AUSTRALIAN ACCOUNTING REVIEW,,,,,,4,3
0735-0015,JOURNAL OF BUSINESS AND ECONOMIC STATISTICS,,,,,,1,1
1361-9209,TRANSPORTATION RESEARCH D: TRANSPORT AND ENVIRONMENT,,,,,,2,2
1476-7503,Action Research; ACTION RESEARCH,,,,4,,4,4
0304-3932,JOURNAL OF MONETARY ECONOMICS,,,,,,1,
0007-1315,BRITISH JOURNAL OF SOCIOLOGY,,,,,,3,3
2214-8043,"Journal of Behavioral and 
Experimental Economics (formerly 
Journal of Socio-economics); JOURNAL OF BEHAVIORAL AND EXPERIMENTAL ECONOMICS (Formerly: Journal of Socio-Economics)",,,,,3,3,3
0987-3368,REVUE D'ÉCONOMIE FINANCIERE; REVUE D'ECONOMIE FINANCIÈRE,,,,,,4,4
1094-2025,REVIEW OF ECONOMIC DYNAMICS,,,,,,2,
1083-5423,TOURISM ANALYSIS,,,,,,4,4
0176-2680,EUROPEAN JOURNAL OF POLITICAL ECONOMY,,,,,,3,
1566-6379,"Electronic Journal of Information Systems 
Evaluation; Electronic Journal of Information 
Systems Evaluation",,4,4,4,,,
0250-8281,TOURISM RECREATION RESEARCH,,,,,,4,4
1473-8376,"JOURNAL OF HOSPITALITY, LEISURE, SPORT AND TOURISM EDUCATION",,,,,,4,4
0890-2577,"Journal of Manufacturing and Operations 
Management; Journal of Manufacturing and 
Operations Management",,3,3,4,,,
1463-1377,POST-COMMUNIST ECONOMIES,,,,,,4,
1945-497X,SIAM JOURNAL ON FINANCIAL MATHEMATICS,,,,,,4,4
1175-5652,Applied Health Economics and Policy,,4,,,,,
0167-4870,JOURNAL OF ECONOMIC PSYCHOLOGY,,,,,,3,3
0967-070X,XTRANSPORT POLICY; TRANSPORT POLICY,,,,,,3,3
1476-6930,JOURNAL OF REVENUE AND PRICING MANAGEMENT,,,,,,4,4
1447-9524,"International Journal of Knowledge, Culture and 
Change Management; International Journal of Knowledge, 
Culture and Change Management; INTERNATIONAL JOURNAL OF KNOWLEDGE, CULTURE AND CHANGE MANAGEMENT",,4,4,4,,4,4
8756-9728,PROJECT MANAGEMENT JOURNAL,,,,,,4,
1099-2340,INTERNATIONAL JOURNAL OF TOURISM RESEARCH,,,,,,4,3
1057-9230,Health Economics,,1,,,,,2
0263-2772,FACILITIES,,,,,,4,4
1766-2524,REVENUE DE L'ENTREPRENEURIAT; REVUE DE L'ENTREPRENEURIAT,,,,,,2,2
0767-3701,"Recherche et Applications en Marketing; Recherche et Applications en 
Marketing; RECHERCHE ET APPLICATIONS EN MARKETING",,2,2,2,2,2,2
0309-166X,CAMBRIDGE JOURNAL OF ECONOMICS,,,,,,3,
0095-2583,ECONOMIC INQUIRY,,,,,,3,
1460-1559,JOURNAL OF COMPUTATIONAL FINANCE,,,,,,4,4
0261-4367,LEISURE STUDIES,,,,,,4,4
2553-7830,ENTREPRISE & SOCIETE; ENTREPRISE ET SOCIÉTÉ,,,,,,4,4
0022-2186,JOURNAL OF LAW AND ECONOMICS,,,,,,1,2
2211-9736,TOURISM MANAGEMENT PERSPECTIVES,,,,,,4,3
0034-6535,REVIEW OF ECONOMICS AND STATISTICS,,,,,,1,
2405-8513,JOURNAL OF COMMODITY MARKETS,,,,,,4,
1157-8637,"Communications et Stratégies; Communications & Strategies -  
DigiWorld Economic Journal",,4,4,,,,
1542-4766,JOURNAL OF THE EUROPEAN ECONOMIC ASSOCIATION,,,,,,1,
1048-6682,NONPROFIT MANAGEMENT AND LEADERSHIP,,,,,,4,4
0038-0385,SOCIOLOGY,,,,,,2,2
0965-7576,REVIEW OF INTERNATIONAL ECONOMICS,,,,,,3,
1439-2917,SCHMALENBACH BUSINESS REVIEW; SCHMALENBACH JOURNAL OF BUSINESS RESEARCH,,,,,,4,4
0223-0143,La Revue du Financier; LA REVUE DU FINANCIER,,4,,,,EM,
0897-3660,Advances in International Accounting,,3,3,3,,,
1472-4782,ASIAN BUSINESS AND MANAGEMENT,,,,,,4,4
0094-1190,JOURNAL OF URBAN ECONOMICS,,,,,,2,
0022-3808,JOURNAL OF POLITICAL ECONOMY,,,,,,1*,1*
0748-4526,NEGOTIATION JOURNAL,,,,,,4,4
1945-7707,AMERICAN ECONOMIC JOURNAL: MACROECONOMICS,,,,,,1,
0147-1767,INTERNATIONAL JOURNAL OF INTERCULTURAL RELATIONS,,,,,,4,4
1368-4221,ECONOMETRICS JOURNAL,,,,,,3,
1352-7258,INTERNATIONAL JOURNAL OF HERITAGE STUDIES,,,,,,4,4
1611-1699,JOURNAL OF BUSINESS ECONOMICS AND MANAGEMENT,,,,,,4,4
0165-1889,JOURNAL OF ECONOMIC DYNAMICS AND CONTROL,,,,,,2,2
1469-3569,BUSINESS AND POLITICS,,,,,,4,
0309-1317,INTERNATIONAL JOURNAL OF URBAN AND REGIONAL RESEARCH,,,,,,3,3
1061-6934,SPORT MARKETING QUARTERLY,,,,,,4,4
0095-0696,JOURNAL OF ENVIRONMENTAL ECONOMICS AND MANAGEMENT,,,,,,1,1
0360-0572,ANNUAL REVIEW OF SOCIOLOGY,,,,,,2,2
1756-6266,INTERNATIONAL JOURNAL OF GENDER AND ENTREPRENEURSHIP,,,,,,4,4
0164-0704,JOURNAL OF MACROECONOMICS,,,,,,3,
2259-2490,"Revue Interdisciplinaire,  
Management, Homme(s) &  
Entreprise (RIMHE); Revue Interdisciplinaire Management, 
Homme et Entreprise (RIMHE); Revue Interdisciplinaire sur le 
Management, Homme & Entreprise 
(RIMHE); REVUE INTERDISCIPLINAIRE SUR LE MANAGEMENT, HOMME & ENTREPRISE (RIMHE); REVUE INTERDISCIPLINAIRE, MANAGEMENT, HOMME & ENTREPRISE (RIMHE)",,,4,4,3,3,4
1465-1211,JOURNAL OF RISK,,,,,,4,4
1441-3523,SPORT MANAGEMENT REVIEW,,,,,,4,3
0747-4938,ECONOMETRIC REVIEWS,,,,,,3,
1096-3480,JOURNAL OF HOSPITALITY AND TOURISM RESEARCH,,,,,,4,3
0894-8453,JOURNAL OF CAREER DEVELOPMENT,,,,,,4,4
2055-6225,JOURNAL OF SERVICE THEORY AND PRACTICE (Formerly: Managing Service Quality: an International Journal),,,,,,4,4
2332-2373,AFRICA JOURNAL OF MANAGEMENT,,,,,,4,4
0003-6846,APPLIED ECONOMICS,,,,,,3,3
0277-2027,BUSINESS AND PROFESSIONAL ETHICS JOURNAL,,,,,,4,4
1768-5958,Management & Avenir; MANAGEMENT & AVENIR MANAGEMENT & AVENIR SANTE,,4,4,3,3,3,4
1872-9495,GLOBAL ENVIRONMENTAL CHANGE,,,,,,3,
1476-6086,"JOURNAL OF MANAGEMENT, SPIRITUALITY AND RELIGION",,,,,,4,4
1046-4964,SMALL GROUP RESEARCH,,,,,,4,3
0020-6598,INTERNATIONAL ECONOMIC REVIEW,,,,,,1,
2110-7017,INTERNATIONAL ECONOMICS,,,,,,4,
0042-0980,XURBAN STUDIES; URBAN STUDIES,,,,,,2,2
1462-4621,INTERNATIONAL JOURNAL OF MANAGEMENT AND DECISION MAKING,,,,,,4,4
0242-9780,"Revue Française de Gestion industrielle; Revue Française de Gestion 
Industrielle; REVUE FRANÇAISE DE GESTION INDUSTRIELLE",,4,4,,,EM,EM
1573-3424,International Journal of Stress Management,,,,,,4,
0155-9982,ACCOUNTING FORUM,,,,,,4,3
1044-8004,HUMAN RESOURCE DEVELOPMENT QUARTERLY,,,,,,4,4
1740-3812,PHILOSOPHY OF MANAGEMENT,,,,,,4,4
1753-0350,JOURNAL OF CULTURAL ECONOMY,,,,,,4,4
1176-6093,QUALITATIVE RESEARCH IN ACCOUNTING AND MANAGEMENT,,,,,,4,3
0966-6923,JOURNAL OF TRANSPORT GEOGRAPHY,,,,,,4,3
0038-0121,SOCIO-ECONOMIC PLANNING SCIENCES: THE INTERNATIONAL JOURNAL OF PUBLIC SECTOR DECISION-MAKING,,,,,,4,4
2262-5321,VIE ET SCIENCES DE L'ENTREPRISE; VIE ET SCIENCES DE L'ENTREPRISE (VSE),,,,,,4,4
0891-2432,GENDER AND SOCIETY,,,,,,3,2
0899-7640,NONPROFIT AND VOLUNTARY SECTOR QUARTERLY,,,,,,2,2
"1267-4982
2032-5355",,,,,,,,
0378-8733,SOCIAL NETWORKS,,,,,,4,4
1866-5888,JOURNAL OF PERSONNEL PSYCHOLOGY,,,,,,4,4
1368-3047,MEASURING BUSINESS EXCELLENCE,,,,,,4,4
0957-4903,International Journal of Logistics Management,,3,,,,,
1863-6683,REVIEW OF MANAGERIAL SCIENCE,,,,,,4,3
1354-8166,TOURISM ECONOMICS,,,,,,4,4
0168-7034,JOURNAL OF CONSUMER POLICY,,,,,,4,4
0959-3780,GLOBAL ENVIRONMENTAL CHANGE,,,,,,3,2
1170-7690,Pharmacoeconomics,,2,,,,,
0166-0462,REGIONAL SCIENCE AND URBAN ECONOMICS,,,,,,3,3
1746-5265,BALTIC JOURNAL OF MANAGEMENT,,,,,,4,4
1468-2702,JOURNAL OF ECONOMIC GEOGRAPHY,,,,,,1,2
0895-562X,JOURNAL OF PRODUCTIVITY ANALYSIS,,,,,,4,3
1168-5549,COMMUNICATION ET ORGANISATION,,,,,,EM,
1753-8378,INTERNATIONAL JOURNAL OF MANAGING PROJECTS IN BUSINESS,,,,,,4,4
0167-2533,Human System Management; Human Systems Management,,4,4,4,,,
0888-7985,JOURNAL OF INFORMATION SYSTEMS,,,,,,4,4
1936-6582,"Flexible Services and Manufacturing 
Journal (ex International Journal of 
Flexible Manufacturing Systems); FLEXIBLE SERVICES AND MANUFACTURING JOURNAL (Formerly: International Journal of Manufacturing Systems)",,,,3,3,4,4
0301-4215,ENERGY POLICY,,,,,,2,2
1361-2026,JOURNAL OF FASHION MARKETING AND MANAGEMENT,,,,,,4,4
1465-6485,GERMAN ECONOMIC REVIEW,,,,,,4,
0347-0520,SCANDINAVIAN JOURNAL OF ECONOMICS,,,,,,3,
1269-6935,Journal Européen des Systèmes Automatisés,,3,,,,,
0268-5809,CURRENT SOCIOLOGY,,,,,,4,4
0927-5371,LABOUR ECONOMICS,,,,,,2,2
0308-5961,TELECOMMUNICATIONS POLICY,,,,,,4,4
1096-1879,Multinational Finance Journal,,4,4,4,,,
0294-0337,Sciences Sociales et Santé,,4,,,,,
0023-5962,KYKLOS,,,,,,3,3
0019-7939,"Industrial and Labor Relations Review; Industrial and Labor Relations 
Review; ILR Review (ex Industrial and Labor 
Relations Review); ILR REVIEW (INDUSTRIAL AND LABOR RELATIONS REVIEW)",,1,2,2,3,2,2
0013-0567,"Economies et Sociétés - Série AG 
(Systèmes Agroalimentaires); Systèmes Agroalimentaires / 
Food systems (ex Economies et 
Sociétés - Série AG (Systèmes 
Agroalimentaires)",,,4,4,4,,
1083-4427,"IEEE Transaction on Systems, Man and 
Cybernetics - A; IEEE Transaction on Systems, 
Man and Cybernetics - A; IEEE Transactions on Systems, Man, 
and Cybernetics - Part A: Systems 
and Humans",,3,3,3,,,
0144-1647,TRANSPORT REVIEWS,,,,,,3,3
1470-6423,INTERNATIONAL JOURNAL OF CONSUMER STUDIES,,,,,,4,3
0888-4773,JOURNAL OF SPORT MANAGEMENT,,,,,,4,4
0022-2879,"JOURNAL OF MONEY, CREDIT AND BANKING",,,,,,1,1
1352-7606,"Cross Cultural Management: An International 
Journal; Cross Cultural Management: 
An International Journal",,4,4,4,,,
1548-3908,"International Journal of Technology and Human 
Interaction; International Journal of Technology 
and Human Interaction",,4,4,4,,,
0734-306X,JOURNAL OF LABOR ECONOMICS,,,,,,1,1
0308-5147,ECONOMY AND SOCIETY,,,,,,3,3
0264-2069,SERVICE INDUSTRIES JOURNAL,,,,,,4,3
2044-4087,SOCIAL BUSINESS,,,,,,4,4
1945-7782,AMERICAN ECONOMIC JOURNAL: APPLIED ECONOMICS,,,,,,1,
1540-496X,EMERGING MARKETS FINANCE AND TRADE,,,,,,4,4
